{
    "AAE": {
        "cca2": "DZ",
        "cf_lb_region": "NAF",
        "city": "Annaba",
        "country": "Algeria",
        "iata": "AAE",
        "lat": 36.8222,
        "lon": 7.80917,
        "name": "Annaba, Algeria",
        "region": "Africa"
    },
    "ABJ": {
        "cca2": "CI",
        "cf_lb_region": "NAF",
        "city": "Abidjan",
        "country": "Ivory Coast",
        "iata": "ABJ",
        "lat": 5.26139,
        "lon": -3.92629,
        "name": "Abidjan, Ivory Coast",
        "region": "Africa"
    },
    "ABQ": {
        "cca2": "US",
        "cf_lb_region": "WNAM",
        "city": "Albuquerque, NM",
        "country": "United States",
        "iata": "ABQ",
        "lat": 35.0402,
        "lon": -106.609,
        "name": "Albuquerque, NM, United States",
        "region": "North America"
    },
    "ACC": {
        "cca2": "GH",
        "cf_lb_region": "NAF",
        "city": "Accra",
        "country": "Ghana",
        "iata": "ACC",
        "lat": 5.60519,
        "lon": -0.166786,
        "name": "Accra, Ghana",
        "region": "Africa"
    },
    "ADB": {
        "cca2": "TR",
        "cf_lb_region": "EEU",
        "city": "Izmir",
        "country": "Turkey",
        "iata": "ADB",
        "lat": 38.2916,
        "lon": 27.1487,
        "name": "Izmir, Turkey",
        "region": "Europe"
    },
    "ADD": {
        "cca2": "ET",
        "cf_lb_region": "NAF",
        "city": "Addis Ababa",
        "country": "Ethiopia",
        "iata": "ADD",
        "lat": 8.97778,
        "lon": 38.7994,
        "name": "Addis Ababa, Ethiopia",
        "region": "Africa"
    },
    "ADL": {
        "cca2": "AU",
        "cf_lb_region": "OC",
        "city": "Adelaide, SA",
        "country": "Australia",
        "iata": "ADL",
        "lat": -34.945,
        "lon": 138.531,
        "name": "Adelaide, SA, Australia",
        "region": "Oceania"
    },
    "AGR": {
        "cca2": "IN",
        "cf_lb_region": "SAS",
        "city": "Agra",
        "country": "India",
        "iata": "AGR",
        "lat": 27.1558,
        "lon": 77.9609,
        "name": "Agra, India",
        "region": "Asia"
    },
    "AKL": {
        "cca2": "NZ",
        "cf_lb_region": "OC",
        "city": "Auckland",
        "country": "New Zealand",
        "iata": "AKL",
        "lat": -37.0081,
        "lon": 174.792,
        "name": "Auckland, New Zealand",
        "region": "Oceania"
    },
    "AKX": {
        "cca2": "KZ",
        "cf_lb_region": "SAS",
        "city": "Aktobe",
        "country": "Kazakhstan",
        "iata": "AKX",
        "lat": 50.2458,
        "lon": 57.2067,
        "name": "Aktobe, Kazakhstan",
        "region": "Asia"
    },
    "ALA": {
        "cca2": "KZ",
        "cf_lb_region": "SAS",
        "city": "Almaty",
        "country": "Kazakhstan",
        "iata": "ALA",
        "lat": 43.3521,
        "lon": 77.0405,
        "name": "Almaty, Kazakhstan",
        "region": "Asia"
    },
    "ALG": {
        "cca2": "DZ",
        "cf_lb_region": "NAF",
        "city": "Algiers",
        "country": "Algeria",
        "iata": "ALG",
        "lat": 36.691,
        "lon": 3.21541,
        "name": "Algiers, Algeria",
        "region": "Africa"
    },
    "AMD": {
        "cca2": "IN",
        "cf_lb_region": "SAS",
        "city": "Ahmedabad",
        "country": "India",
        "iata": "AMD",
        "lat": 23.0772,
        "lon": 72.6347,
        "name": "Ahmedabad, India",
        "region": "Asia"
    },
    "AMM": {
        "cca2": "JO",
        "cf_lb_region": "ME",
        "city": "Amman",
        "country": "Jordan",
        "iata": "AMM",
        "lat": 31.7226,
        "lon": 35.9932,
        "name": "Amman, Jordan",
        "region": "Middle East"
    },
    "AMS": {
        "cca2": "NL",
        "cf_lb_region": "WEU",
        "city": "Amsterdam",
        "country": "Netherlands",
        "iata": "AMS",
        "lat": 52.3086,
        "lon": 4.76389,
        "name": "Amsterdam, Netherlands",
        "region": "Europe"
    },
    "ANC": {
        "cca2": "US",
        "cf_lb_region": "WNAM",
        "city": "Anchorage, AK",
        "country": "United States",
        "iata": "ANC",
        "lat": 61.1744,
        "lon": -149.996,
        "name": "Anchorage, AK, United States",
        "region": "North America"
    },
    "ARI": {
        "cca2": "CL",
        "cf_lb_region": "SSAM",
        "city": "Arica",
        "country": "Chile",
        "iata": "ARI",
        "lat": -18.3485,
        "lon": -70.3387,
        "name": "Arica, Chile",
        "region": "Latin America & the Caribbean"
    },
    "ARN": {
        "cca2": "SE",
        "cf_lb_region": "EEU",
        "city": "Stockholm",
        "country": "Sweden",
        "iata": "ARN",
        "lat": 59.6519,
        "lon": 17.9186,
        "name": "Stockholm, Sweden",
        "region": "Europe"
    },
    "ARU": {
        "cca2": "BR",
        "cf_lb_region": "SSAM",
        "city": "Aracatuba",
        "country": "Brazil",
        "iata": "ARU",
        "lat": -21.1413,
        "lon": -50.4247,
        "name": "Aracatuba, Brazil",
        "region": "Latin America & the Caribbean"
    },
    "ASK": {
        "cca2": "CI",
        "cf_lb_region": "NAF",
        "city": "Yamoussoukro",
        "country": "Ivory Coast",
        "iata": "ASK",
        "lat": 6.90317,
        "lon": -5.36558,
        "name": "Yamoussoukro, Ivory Coast",
        "region": "Africa"
    },
    "ASU": {
        "cca2": "PY",
        "cf_lb_region": "SSAM",
        "city": "Asuncion",
        "country": "Paraguay",
        "iata": "ASU",
        "lat": -25.24,
        "lon": -57.52,
        "name": "Asuncion, Paraguay",
        "region": "Latin America & the Caribbean"
    },
    "ATH": {
        "cca2": "GR",
        "cf_lb_region": "EEU",
        "city": "Athens",
        "country": "Greece",
        "iata": "ATH",
        "lat": 37.9364,
        "lon": 23.9445,
        "name": "Athens, Greece",
        "region": "Europe"
    },
    "ATL": {
        "cca2": "US",
        "cf_lb_region": "ENAM",
        "city": "Atlanta, GA",
        "country": "United States",
        "iata": "ATL",
        "lat": 33.6367,
        "lon": -84.4281,
        "name": "Atlanta, GA, United States",
        "region": "North America"
    },
    "AUS": {
        "cca2": "US",
        "cf_lb_region": "WNAM",
        "city": "Austin, TX",
        "country": "United States",
        "iata": "AUS",
        "lat": 30.1945,
        "lon": -97.6699,
        "name": "Austin, TX, United States",
        "region": "North America"
    },
    "BAH": {
        "cca2": "BH",
        "cf_lb_region": "ME",
        "city": "Manama",
        "country": "Bahrain",
        "iata": "BAH",
        "lat": 26.2708,
        "lon": 50.6336,
        "name": "Manama, Bahrain",
        "region": "Middle East"
    },
    "BAQ": {
        "cca2": "CO",
        "cf_lb_region": "NSAM",
        "city": "Barranquilla",
        "country": "Colombia",
        "iata": "BAQ",
        "lat": 10.8896,
        "lon": -74.7808,
        "name": "Barranquilla, Colombia",
        "region": "Latin America & the Caribbean"
    },
    "BCN": {
        "cca2": "ES",
        "cf_lb_region": "WEU",
        "city": "Barcelona",
        "country": "Spain",
        "iata": "BCN",
        "lat": 41.2971,
        "lon": 2.07846,
        "name": "Barcelona, Spain",
        "region": "Europe"
    },
    "BEG": {
        "cca2": "RS",
        "cf_lb_region": "EEU",
        "city": "Belgrade",
        "country": "Serbia",
        "iata": "BEG",
        "lat": 44.8184,
        "lon": 20.3091,
        "name": "Belgrade, Serbia",
        "region": "Europe"
    },
    "BEL": {
        "cca2": "BR",
        "cf_lb_region": "NSAM",
        "city": "Belem",
        "country": "Brazil",
        "iata": "BEL",
        "lat": -1.37925,
        "lon": -48.4763,
        "name": "Belem, Brazil",
        "region": "Latin America & the Caribbean"
    },
    "BEY": {
        "cca2": "LB",
        "cf_lb_region": "ME",
        "city": "Beirut",
        "country": "Lebanon",
        "iata": "BEY",
        "lat": 33.8209,
        "lon": 35.4884,
        "name": "Beirut, Lebanon",
        "region": "Middle East"
    },
    "BGI": {
        "cca2": "BB",
        "cf_lb_region": "ENAM",
        "city": "Bridgetown",
        "country": "Barbados",
        "iata": "BGI",
        "lat": 13.0746,
        "lon": -59.4925,
        "name": "Bridgetown, Barbados",
        "region": "Latin America & the Caribbean"
    },
    "BGR": {
        "cca2": "US",
        "cf_lb_region": "ENAM",
        "city": "Bangor, ME",
        "country": "United States",
        "iata": "BGR",
        "lat": 44.8074,
        "lon": -68.8281,
        "name": "Bangor, ME, United States",
        "region": "North America"
    },
    "BGW": {
        "cca2": "IQ",
        "cf_lb_region": "ME",
        "city": "Baghdad",
        "country": "Iraq",
        "iata": "BGW",
        "lat": 33.2625,
        "lon": 44.2346,
        "name": "Baghdad, Iraq",
        "region": "Middle East"
    },
    "BHY": {
        "cca2": "CN",
        "cf_lb_region": "NEAS",
        "city": "Beihai",
        "country": "China",
        "iata": "BHY",
        "lat": 21.5394,
        "lon": 109.294,
        "name": "Beihai, China",
        "region": "Asia"
    },
    "BKK": {
        "cca2": "TH",
        "cf_lb_region": "SEAS",
        "city": "Bangkok",
        "country": "Thailand",
        "iata": "BKK",
        "lat": 13.6811,
        "lon": 100.747,
        "name": "Bangkok, Thailand",
        "region": "Asia"
    },
    "BLR": {
        "cca2": "IN",
        "cf_lb_region": "SAS",
        "city": "Bangalore",
        "country": "India",
        "iata": "BLR",
        "lat": 13.1979,
        "lon": 77.7063,
        "name": "Bangalore, India",
        "region": "Asia"
    },
    "BNA": {
        "cca2": "US",
        "cf_lb_region": "ENAM",
        "city": "Nashville",
        "country": "United States",
        "iata": "BNA",
        "lat": 36.1245,
        "lon": -86.6782,
        "name": "Nashville, United States",
        "region": "North America"
    },
    "BNE": {
        "cca2": "AU",
        "cf_lb_region": "OC",
        "city": "Brisbane, QLD",
        "country": "Australia",
        "iata": "BNE",
        "lat": -27.3842,
        "lon": 153.117,
        "name": "Brisbane, QLD, Australia",
        "region": "Oceania"
    },
    "BNU": {
        "cca2": "BR",
        "cf_lb_region": "SSAM",
        "city": "Blumenau",
        "country": "Brazil",
        "iata": "BNU",
        "lat": -26.8306,
        "lon": -49.0903,
        "name": "Blumenau, Brazil",
        "region": "Latin America & the Caribbean"
    },
    "BOD": {
        "cca2": "FR",
        "cf_lb_region": "WEU",
        "city": "Bordeaux",
        "country": "France",
        "iata": "BOD",
        "lat": 44.8283,
        "lon": -0.715556,
        "name": "Bordeaux, France",
        "region": "Europe"
    },
    "BOG": {
        "cca2": "CO",
        "cf_lb_region": "NSAM",
        "city": "Bogota",
        "country": "Colombia",
        "iata": "BOG",
        "lat": 4.70159,
        "lon": -74.1469,
        "name": "Bogota, Colombia",
        "region": "Latin America & the Caribbean"
    },
    "BOM": {
        "cca2": "IN",
        "cf_lb_region": "SAS",
        "city": "Mumbai",
        "country": "India",
        "iata": "BOM",
        "lat": 19.0887,
        "lon": 72.8679,
        "name": "Mumbai, India",
        "region": "Asia"
    },
    "BOS": {
        "cca2": "US",
        "cf_lb_region": "ENAM",
        "city": "Boston, MA",
        "country": "United States",
        "iata": "BOS",
        "lat": 42.3643,
        "lon": -71.0052,
        "name": "Boston, MA, United States",
        "region": "North America"
    },
    "BRU": {
        "cca2": "BE",
        "cf_lb_region": "WEU",
        "city": "Brussels",
        "country": "Belgium",
        "iata": "BRU",
        "lat": 50.9014,
        "lon": 4.48444,
        "name": "Brussels, Belgium",
        "region": "Europe"
    },
    "BSB": {
        "cca2": "BR",
        "cf_lb_region": "SSAM",
        "city": "Brasilia",
        "country": "Brazil",
        "iata": "BSB",
        "lat": -15.8692,
        "lon": -47.9208,
        "name": "Brasilia, Brazil",
        "region": "Latin America & the Caribbean"
    },
    "BSR": {
        "cca2": "IQ",
        "cf_lb_region": "ME",
        "city": "Basra",
        "country": "Iraq",
        "iata": "BSR",
        "lat": 30.5491,
        "lon": 47.6621,
        "name": "Basra, Iraq",
        "region": "Middle East"
    },
    "BTS": {
        "cca2": "SK",
        "cf_lb_region": "EEU",
        "city": "Bratislava",
        "country": "Slovakia",
        "iata": "BTS",
        "lat": 48.1702,
        "lon": 17.2127,
        "name": "Bratislava, Slovakia",
        "region": "Europe"
    },
    "BUD": {
        "cca2": "HU",
        "cf_lb_region": "EEU",
        "city": "Budapest",
        "country": "Hungary",
        "iata": "BUD",
        "lat": 47.4298,
        "lon": 19.2611,
        "name": "Budapest, Hungary",
        "region": "Europe"
    },
    "BUF": {
        "cca2": "US",
        "cf_lb_region": "ENAM",
        "city": "Buffalo, NY",
        "country": "United States",
        "iata": "BUF",
        "lat": 42.9405,
        "lon": -78.7322,
        "name": "Buffalo, NY, United States",
        "region": "North America"
    },
    "BWN": {
        "cca2": "BN",
        "cf_lb_region": "SEAS",
        "city": "Bandar Seri Begawan",
        "country": "Brunei",
        "iata": "BWN",
        "lat": 4.9442,
        "lon": 114.928,
        "name": "Bandar Seri Begawan, Brunei",
        "region": "Asia"
    },
    "CAI": {
        "cca2": "EG",
        "cf_lb_region": "NAF",
        "city": "Cairo",
        "country": "Egypt",
        "iata": "CAI",
        "lat": 30.1219,
        "lon": 31.4056,
        "name": "Cairo, Egypt",
        "region": "Africa"
    },
    "CAN": {
        "cca2": "CN",
        "cf_lb_region": "NEAS",
        "city": "Guangzhou",
        "country": "China",
        "iata": "CAN",
        "lat": 23.3924,
        "lon": 113.299,
        "name": "Guangzhou, China",
        "region": "Asia"
    },
    "CAW": {
        "cca2": "BR",
        "cf_lb_region": "SSAM",
        "city": "Campos dos Goytacazes",
        "country": "Brazil",
        "iata": "CAW",
        "lat": -21.6983,
        "lon": -41.3017,
        "name": "Campos dos Goytacazes, Brazil",
        "region": "Latin America & the Caribbean"
    },
    "CBR": {
        "cca2": "AU",
        "cf_lb_region": "OC",
        "city": "Canberra, ACT",
        "country": "Australia",
        "iata": "CBR",
        "lat": -35.3069,
        "lon": 149.195,
        "name": "Canberra, ACT, Australia",
        "region": "Oceania"
    },
    "CCP": {
        "cca2": "CL",
        "cf_lb_region": "SSAM",
        "city": "Concepcion",
        "country": "Chile",
        "iata": "CCP",
        "lat": -36.7727,
        "lon": -73.0631,
        "name": "Concepcion, Chile",
        "region": "Latin America & the Caribbean"
    },
    "CCU": {
        "cca2": "IN",
        "cf_lb_region": "SAS",
        "city": "Kolkata",
        "country": "India",
        "iata": "CCU",
        "lat": 22.6547,
        "lon": 88.4467,
        "name": "Kolkata, India",
        "region": "Asia"
    },
    "CDG": {
        "cca2": "FR",
        "cf_lb_region": "WEU",
        "city": "Paris",
        "country": "France",
        "iata": "CDG",
        "lat": 49.0097,
        "lon": 2.54778,
        "name": "Paris, France",
        "region": "Europe"
    },
    "CEB": {
        "cca2": "PH",
        "cf_lb_region": "SEAS",
        "city": "Cebu",
        "country": "Philippines",
        "iata": "CEB",
        "lat": 10.3075,
        "lon": 123.979,
        "name": "Cebu, Philippines",
        "region": "Asia"
    },
    "CFC": {
        "cca2": "BR",
        "cf_lb_region": "SSAM",
        "city": "Cacador",
        "country": "Brazil",
        "iata": "CFC",
        "lat": -26.7884,
        "lon": -50.9398,
        "name": "Cacador, Brazil",
        "region": "Latin America & the Caribbean"
    },
    "CGB": {
        "cca2": "BR",
        "cf_lb_region": "SSAM",
        "city": "Cuiaba",
        "country": "Brazil",
        "iata": "CGB",
        "lat": -15.6529,
        "lon": -56.1167,
        "name": "Cuiaba, Brazil",
        "region": "Latin America & the Caribbean"
    },
    "CGD": {
        "cca2": "CN",
        "cf_lb_region": "NEAS",
        "city": "Changde",
        "country": "China",
        "iata": "CGD",
        "lat": 28.9189,
        "lon": 111.64,
        "name": "Changde, China",
        "region": "Asia"
    },
    "CGK": {
        "cca2": "ID",
        "cf_lb_region": "SEAS",
        "city": "Jakarta",
        "country": "Indonesia",
        "iata": "CGK",
        "lat": -6.12556,
        "lon": 106.656,
        "name": "Jakarta, Indonesia",
        "region": "Asia"
    },
    "CGO": {
        "cca2": "CN",
        "cf_lb_region": "NEAS",
        "city": "Zhengzhou",
        "country": "China",
        "iata": "CGO",
        "lat": 34.5197,
        "lon": 113.841,
        "name": "Zhengzhou, China",
        "region": "Asia"
    },
    "CGP": {
        "cca2": "BD",
        "cf_lb_region": "SEAS",
        "city": "Chittagong",
        "country": "Bangladesh",
        "iata": "CGP",
        "lat": 22.2496,
        "lon": 91.8133,
        "name": "Chittagong, Bangladesh",
        "region": "Asia"
    },
    "CGY": {
        "cca2": "PH",
        "cf_lb_region": "SEAS",
        "city": "Cagayan de Oro",
        "country": "Philippines",
        "iata": "CGY",
        "lat": 8.6122,
        "lon": 124.456,
        "name": "Cagayan de Oro, Philippines",
        "region": "Asia"
    },
    "CHC": {
        "cca2": "NZ",
        "cf_lb_region": "OC",
        "city": "Christchurch",
        "country": "New Zealand",
        "iata": "CHC",
        "lat": -43.4894,
        "lon": 172.532,
        "name": "Christchurch, New Zealand",
        "region": "Oceania"
    },
    "CJB": {
        "cca2": "IN",
        "cf_lb_region": "SAS",
        "city": "Coimbatore",
        "country": "India",
        "iata": "CJB",
        "lat": 11.03,
        "lon": 77.0434,
        "name": "Coimbatore, India",
        "region": "Asia"
    },
    "CKG": {
        "cca2": "CN",
        "cf_lb_region": "NEAS",
        "city": "Chongqing",
        "country": "China",
        "iata": "CKG",
        "lat": 29.7192,
        "lon": 106.642,
        "name": "Chongqing, China",
        "region": "Asia"
    },
    "CLE": {
        "cca2": "US",
        "cf_lb_region": "ENAM",
        "city": "Cleveland, OH",
        "country": "United States",
        "iata": "CLE",
        "lat": 41.4117,
        "lon": -81.8498,
        "name": "Cleveland, OH, United States",
        "region": "North America"
    },
    "CLO": {
        "cca2": "CO",
        "cf_lb_region": "NSAM",
        "city": "Cali",
        "country": "Colombia",
        "iata": "CLO",
        "lat": 3.54322,
        "lon": -76.3816,
        "name": "Cali, Colombia",
        "region": "Latin America & the Caribbean"
    },
    "CLT": {
        "cca2": "US",
        "cf_lb_region": "ENAM",
        "city": "Charlotte, NC",
        "country": "United States",
        "iata": "CLT",
        "lat": 35.214,
        "lon": -80.9431,
        "name": "Charlotte, NC, United States",
        "region": "North America"
    },
    "CMB": {
        "cca2": "LK",
        "cf_lb_region": "SAS",
        "city": "Colombo",
        "country": "Sri Lanka",
        "iata": "CMB",
        "lat": 7.18076,
        "lon": 79.8841,
        "name": "Colombo, Sri Lanka",
        "region": "Asia"
    },
    "CMH": {
        "cca2": "US",
        "cf_lb_region": "ENAM",
        "city": "Columbus, OH",
        "country": "United States",
        "iata": "CMH",
        "lat": 39.998,
        "lon": -82.8919,
        "name": "Columbus, OH, United States",
        "region": "North America"
    },
    "CNF": {
        "cca2": "BR",
        "cf_lb_region": "SSAM",
        "city": "Belo Horizonte",
        "country": "Brazil",
        "iata": "CNF",
        "lat": -19.6336,
        "lon": -43.9686,
        "name": "Belo Horizonte, Brazil",
        "region": "Latin America & the Caribbean"
    },
    "CNN": {
        "cca2": "IN",
        "cf_lb_region": "SAS",
        "city": "Kannur",
        "country": "India",
        "iata": "CNN",
        "lat": 11.9186,
        "lon": 75.5472,
        "name": "Kannur, India",
        "region": "Asia"
    },
    "CNX": {
        "cca2": "TH",
        "cf_lb_region": "SEAS",
        "city": "Chiang Mai",
        "country": "Thailand",
        "iata": "CNX",
        "lat": 18.7668,
        "lon": 98.9626,
        "name": "Chiang Mai, Thailand",
        "region": "Asia"
    },
    "COK": {
        "cca2": "IN",
        "cf_lb_region": "SAS",
        "city": "Kochi",
        "country": "India",
        "iata": "COK",
        "lat": 10.152,
        "lon": 76.4019,
        "name": "Kochi, India",
        "region": "Asia"
    },
    "COR": {
        "cca2": "AR",
        "cf_lb_region": "SSAM",
        "city": "Cordoba",
        "country": "Argentina",
        "iata": "COR",
        "lat": -31.3236,
        "lon": -64.208,
        "name": "Cordoba, Argentina",
        "region": "Latin America & the Caribbean"
    },
    "CPH": {
        "cca2": "DK",
        "cf_lb_region": "EEU",
        "city": "Copenhagen",
        "country": "Denmark",
        "iata": "CPH",
        "lat": 55.6179,
        "lon": 12.656,
        "name": "Copenhagen, Denmark",
        "region": "Europe"
    },
    "CPT": {
        "cca2": "ZA",
        "cf_lb_region": "SAF",
        "city": "Cape Town",
        "country": "South Africa",
        "iata": "CPT",
        "lat": -33.9648,
        "lon": 18.6017,
        "name": "Cape Town, South Africa",
        "region": "Africa"
    },
    "CRK": {
        "cca2": "PH",
        "cf_lb_region": "SEAS",
        "city": "Tarlac City",
        "country": "Philippines",
        "iata": "CRK",
        "lat": 15.186,
        "lon": 120.56,
        "name": "Tarlac City, Philippines",
        "region": "Asia"
    },
    "CSX": {
        "cca2": "CN",
        "cf_lb_region": "NEAS",
        "city": "Changsha",
        "country": "China",
        "iata": "CSX",
        "lat": 28.1892,
        "lon": 113.22,
        "name": "Changsha, China",
        "region": "Asia"
    },
    "CTU": {
        "cca2": "CN",
        "cf_lb_region": "NEAS",
        "city": "Chengdu",
        "country": "China",
        "iata": "CTU",
        "lat": 30.5785,
        "lon": 103.947,
        "name": "Chengdu, China",
        "region": "Asia"
    },
    "CWB": {
        "cca2": "BR",
        "cf_lb_region": "SSAM",
        "city": "Curitiba",
        "country": "Brazil",
        "iata": "CWB",
        "lat": -25.5285,
        "lon": -49.1758,
        "name": "Curitiba, Brazil",
        "region": "Latin America & the Caribbean"
    },
    "CZL": {
        "cca2": "DZ",
        "cf_lb_region": "NAF",
        "city": "Constantine",
        "country": "Algeria",
        "iata": "CZL",
        "lat": 36.276,
        "lon": 6.62039,
        "name": "Constantine, Algeria",
        "region": "Africa"
    },
    "CZX": {
        "cca2": "CN",
        "cf_lb_region": "NEAS",
        "city": "Changzhou",
        "country": "China",
        "iata": "CZX",
        "lat": 31.9197,
        "lon": 119.779,
        "name": "Changzhou, China",
        "region": "Asia"
    },
    "DAC": {
        "cca2": "BD",
        "cf_lb_region": "SEAS",
        "city": "Dhaka",
        "country": "Bangladesh",
        "iata": "DAC",
        "lat": 23.8433,
        "lon": 90.3978,
        "name": "Dhaka, Bangladesh",
        "region": "Asia"
    },
    "DAD": {
        "cca2": "VN",
        "cf_lb_region": "SEAS",
        "city": "Da Nang",
        "country": "Vietnam",
        "iata": "DAD",
        "lat": 16.0439,
        "lon": 108.199,
        "name": "Da Nang, Vietnam",
        "region": "Asia"
    },
    "DAR": {
        "cca2": "TZ",
        "cf_lb_region": "SAF",
        "city": "Dar es Salaam",
        "country": "Tanzania",
        "iata": "DAR",
        "lat": -6.87811,
        "lon": 39.2026,
        "name": "Dar es Salaam, Tanzania",
        "region": "Africa"
    },
    "DEL": {
        "cca2": "IN",
        "cf_lb_region": "SAS",
        "city": "New Delhi",
        "country": "India",
        "iata": "DEL",
        "lat": 28.5665,
        "lon": 77.1031,
        "name": "New Delhi, India",
        "region": "Asia"
    },
    "DEN": {
        "cca2": "US",
        "cf_lb_region": "WNAM",
        "city": "Denver, CO",
        "country": "United States",
        "iata": "DEN",
        "lat": 39.8617,
        "lon": -104.673,
        "name": "Denver, CO, United States",
        "region": "North America"
    },
    "DFW": {
        "cca2": "US",
        "cf_lb_region": "WNAM",
        "city": "Dallas, TX",
        "country": "United States",
        "iata": "DFW",
        "lat": 32.8968,
        "lon": -97.038,
        "name": "Dallas, TX, United States",
        "region": "North America"
    },
    "DKR": {
        "cca2": "SN",
        "cf_lb_region": "NAF",
        "city": "Dakar",
        "country": "Senegal",
        "iata": "DKR",
        "lat": 14.7397,
        "lon": -17.4902,
        "name": "Dakar, Senegal",
        "region": "Africa"
    },
    "DLC": {
        "cca2": "CN",
        "cf_lb_region": "NEAS",
        "city": "Dalian",
        "country": "China",
        "iata": "DLC",
        "lat": 38.9657,
        "lon": 121.539,
        "name": "Dalian, China",
        "region": "Asia"
    },
    "DME": {
        "cca2": "RU",
        "cf_lb_region": "EEU",
        "city": "Moscow",
        "country": "Russia",
        "iata": "DME",
        "lat": 55.4102,
        "lon": 37.902,
        "name": "Moscow, Russia",
        "region": "Europe"
    },
    "DMM": {
        "cca2": "SA",
        "cf_lb_region": "ME",
        "city": "Dammam",
        "country": "Saudi Arabia",
        "iata": "DMM",
        "lat": 26.4712,
        "lon": 49.7979,
        "name": "Dammam, Saudi Arabia",
        "region": "Middle East"
    },
    "DOH": {
        "cca2": "QA",
        "cf_lb_region": "ME",
        "city": "Doha",
        "country": "Qatar",
        "iata": "DOH",
        "lat": 25.2731,
        "lon": 51.6081,
        "name": "Doha, Qatar",
        "region": "Middle East"
    },
    "DPS": {
        "cca2": "ID",
        "cf_lb_region": "SEAS",
        "city": "Denpasar",
        "country": "Indonesia",
        "iata": "DPS",
        "lat": -8.74817,
        "lon": 115.167,
        "name": "Denpasar, Indonesia",
        "region": "Asia"
    },
    "DTW": {
        "cca2": "US",
        "cf_lb_region": "ENAM",
        "city": "Detroit, MI",
        "country": "United States",
        "iata": "DTW",
        "lat": 42.2125,
        "lon": -83.3533,
        "name": "Detroit, MI, United States",
        "region": "North America"
    },
    "DUB": {
        "cca2": "IE",
        "cf_lb_region": "WEU",
        "city": "Dublin",
        "country": "Ireland",
        "iata": "DUB",
        "lat": 53.4213,
        "lon": -6.27007,
        "name": "Dublin, Ireland",
        "region": "Europe"
    },
    "DUR": {
        "cca2": "ZA",
        "cf_lb_region": "SAF",
        "city": "Durban",
        "country": "South Africa",
        "iata": "DUR",
        "lat": -29.6144,
        "lon": 31.1197,
        "name": "Durban, South Africa",
        "region": "Africa"
    },
    "DUS": {
        "cca2": "DE",
        "cf_lb_region": "WEU",
        "city": "Dusseldorf",
        "country": "Germany",
        "iata": "DUS",
        "lat": 51.2895,
        "lon": 6.76678,
        "name": "Dusseldorf, Germany",
        "region": "Europe"
    },
    "DXB": {
        "cca2": "AE",
        "cf_lb_region": "ME",
        "city": "Dubai",
        "country": "United Arab Emirates",
        "iata": "DXB",
        "lat": 25.2528,
        "lon": 55.3644,
        "name": "Dubai, United Arab Emirates",
        "region": "Middle East"
    },
    "EBB": {
        "cca2": "UG",
        "cf_lb_region": "SAF",
        "city": "Kampala",
        "country": "Uganda",
        "iata": "EBB",
        "lat": 0.042386,
        "lon": 32.4435,
        "name": "Kampala, Uganda",
        "region": "Africa"
    },
    "EBL": {
        "cca2": "IQ",
        "cf_lb_region": "ME",
        "city": "Erbil",
        "country": "Iraq",
        "iata": "EBL",
        "lat": 36.2376,
        "lon": 43.9632,
        "name": "Erbil, Iraq",
        "region": "Middle East"
    },
    "EVN": {
        "cca2": "AM",
        "cf_lb_region": "ME",
        "city": "Yerevan",
        "country": "Armenia",
        "iata": "EVN",
        "lat": 40.1473,
        "lon": 44.3959,
        "name": "Yerevan, Armenia",
        "region": "Asia"
    },
    "EWR": {
        "cca2": "US",
        "cf_lb_region": "ENAM",
        "city": "Newark, NJ",
        "country": "United States",
        "iata": "EWR",
        "lat": 40.6925,
        "lon": -74.1686,
        "name": "Newark, NJ, United States",
        "region": "North America"
    },
    "EZE": {
        "cca2": "AR",
        "cf_lb_region": "SSAM",
        "city": "Buenos Aires",
        "country": "Argentina",
        "iata": "EZE",
        "lat": -34.8222,
        "lon": -58.5358,
        "name": "Buenos Aires, Argentina",
        "region": "Latin America & the Caribbean"
    },
    "FCO": {
        "cca2": "IT",
        "cf_lb_region": "EEU",
        "city": "Rome",
        "country": "Italy",
        "iata": "FCO",
        "lat": 41.8003,
        "lon": 12.2389,
        "name": "Rome, Italy",
        "region": "Europe"
    },
    "FIH": {
        "cca2": "CD",
        "cf_lb_region": "SAF",
        "city": "Kinshasa",
        "country": "DR Congo",
        "iata": "FIH",
        "lat": -4.38575,
        "lon": 15.4446,
        "name": "Kinshasa, DR Congo",
        "region": "Africa"
    },
    "FLN": {
        "cca2": "BR",
        "cf_lb_region": "SSAM",
        "city": "Florianopolis",
        "country": "Brazil",
        "iata": "FLN",
        "lat": -27.6703,
        "lon": -48.5525,
        "name": "Florianopolis, Brazil",
        "region": "Latin America & the Caribbean"
    },
    "FOC": {
        "cca2": "CN",
        "cf_lb_region": "NEAS",
        "city": "Fuzhou",
        "country": "China",
        "iata": "FOC",
        "lat": 25.9351,
        "lon": 119.663,
        "name": "Fuzhou, China",
        "region": "Asia"
    },
    "FOR": {
        "cca2": "BR",
        "cf_lb_region": "NSAM",
        "city": "Fortaleza",
        "country": "Brazil",
        "iata": "FOR",
        "lat": -3.77628,
        "lon": -38.5326,
        "name": "Fortaleza, Brazil",
        "region": "Latin America & the Caribbean"
    },
    "FRA": {
        "cca2": "DE",
        "cf_lb_region": "WEU",
        "city": "Frankfurt",
        "country": "Germany",
        "iata": "FRA",
        "lat": 50.0333,
        "lon": 8.57056,
        "name": "Frankfurt, Germany",
        "region": "Europe"
    },
    "FRU": {
        "cca2": "KG",
        "cf_lb_region": "SAS",
        "city": "Bishkek",
        "country": "Kyrgyzstan",
        "iata": "FRU",
        "lat": 43.0613,
        "lon": 74.4776,
        "name": "Bishkek, Kyrgyzstan",
        "region": "Asia"
    },
    "FSD": {
        "cca2": "US",
        "cf_lb_region": "ENAM",
        "city": "Sioux Falls, SD",
        "country": "United States",
        "iata": "FSD",
        "lat": 43.582,
        "lon": -96.7419,
        "name": "Sioux Falls, SD, United States",
        "region": "North America"
    },
    "FUK": {
        "cca2": "JP",
        "cf_lb_region": "NEAS",
        "city": "Fukuoka",
        "country": "Japan",
        "iata": "FUK",
        "lat": 33.5859,
        "lon": 130.451,
        "name": "Fukuoka, Japan",
        "region": "Asia"
    },
    "FUO": {
        "cca2": "CN",
        "cf_lb_region": "NEAS",
        "city": "Foshan",
        "country": "China",
        "iata": "FUO",
        "lat": 23.0833,
        "lon": 113.07,
        "name": "Foshan, China",
        "region": "Asia"
    },
    "GBE": {
        "cca2": "BW",
        "cf_lb_region": "SAF",
        "city": "Gaborone",
        "country": "Botswana",
        "iata": "GBE",
        "lat": -24.5552,
        "lon": 25.9182,
        "name": "Gaborone, Botswana",
        "region": "Africa"
    },
    "GDL": {
        "cca2": "MX",
        "cf_lb_region": "WNAM",
        "city": "Guadalajara",
        "country": "Mexico",
        "iata": "GDL",
        "lat": 20.5218,
        "lon": -103.311,
        "name": "Guadalajara, Mexico",
        "region": "North America"
    },
    "GEO": {
        "cca2": "GY",
        "cf_lb_region": "NSAM",
        "city": "Georgetown",
        "country": "Guyana",
        "iata": "GEO",
        "lat": 6.49855,
        "lon": -58.2541,
        "name": "Georgetown, Guyana",
        "region": "Latin America & the Caribbean"
    },
    "GIG": {
        "cca2": "BR",
        "cf_lb_region": "SSAM",
        "city": "Rio de Janeiro",
        "country": "Brazil",
        "iata": "GIG",
        "lat": -22.81,
        "lon": -43.2506,
        "name": "Rio de Janeiro, Brazil",
        "region": "Latin America & the Caribbean"
    },
    "GND": {
        "cca2": "GD",
        "cf_lb_region": "NSAM",
        "city": "St. George's",
        "country": "Grenada",
        "iata": "GND",
        "lat": 12.0042,
        "lon": -61.7862,
        "name": "St. George's, Grenada",
        "region": "Latin America & the Caribbean"
    },
    "GOT": {
        "cca2": "SE",
        "cf_lb_region": "EEU",
        "city": "Gothenburg",
        "country": "Sweden",
        "iata": "GOT",
        "lat": 57.6628,
        "lon": 12.2798,
        "name": "Gothenburg, Sweden",
        "region": "Europe"
    },
    "GRU": {
        "cca2": "BR",
        "cf_lb_region": "SSAM",
        "city": "Sao Paulo",
        "country": "Brazil",
        "iata": "GRU",
        "lat": -23.4322,
        "lon": -46.4692,
        "name": "Sao Paulo, Brazil",
        "region": "Latin America & the Caribbean"
    },
    "GUA": {
        "cca2": "GT",
        "cf_lb_region": "NSAM",
        "city": "Guatemala City",
        "country": "Guatemala",
        "iata": "GUA",
        "lat": 14.5817,
        "lon": -90.5267,
        "name": "Guatemala City, Guatemala",
        "region": "Latin America & the Caribbean"
    },
    "GUM": {
        "cca2": "GU",
        "cf_lb_region": "SEAS",
        "city": "Hagatna",
        "country": "Guam",
        "iata": "GUM",
        "lat": 13.4834,
        "lon": 144.796,
        "name": "Hagatna, Guam",
        "region": "Oceania"
    },
    "GVA": {
        "cca2": "CH",
        "cf_lb_region": "WEU",
        "city": "Geneva",
        "country": "Switzerland",
        "iata": "GVA",
        "lat": 46.2381,
        "lon": 6.10895,
        "name": "Geneva, Switzerland",
        "region": "Europe"
    },
    "GYD": {
        "cca2": "AZ",
        "cf_lb_region": "ME",
        "city": "Baku",
        "country": "Azerbaijan",
        "iata": "GYD",
        "lat": 40.4675,
        "lon": 50.0467,
        "name": "Baku, Azerbaijan",
        "region": "Middle East"
    },
    "GYE": {
        "cca2": "EC",
        "cf_lb_region": "NSAM",
        "city": "Guayaquil",
        "country": "Ecuador",
        "iata": "GYE",
        "lat": -2.15742,
        "lon": -79.8836,
        "name": "Guayaquil, Ecuador",
        "region": "Latin America & the Caribbean"
    },
    "GYN": {
        "cca2": "BR",
        "cf_lb_region": "SSAM",
        "city": "Goiania",
        "country": "Brazil",
        "iata": "GYN",
        "lat": -16.632,
        "lon": -49.2207,
        "name": "Goiania, Brazil",
        "region": "Latin America & the Caribbean"
    },
    "HAK": {
        "cca2": "CN",
        "cf_lb_region": "NEAS",
        "city": "Chengmai",
        "country": "China",
        "iata": "HAK",
        "lat": 19.9349,
        "lon": 110.459,
        "name": "Chengmai, China",
        "region": "Asia"
    },
    "HAM": {
        "cca2": "DE",
        "cf_lb_region": "EEU",
        "city": "Hamburg",
        "country": "Germany",
        "iata": "HAM",
        "lat": 53.6304,
        "lon": 9.98823,
        "name": "Hamburg, Germany",
        "region": "Europe"
    },
    "HAN": {
        "cca2": "VN",
        "cf_lb_region": "SEAS",
        "city": "Hanoi",
        "country": "Vietnam",
        "iata": "HAN",
        "lat": 21.2212,
        "lon": 105.807,
        "name": "Hanoi, Vietnam",
        "region": "Asia"
    },
    "HBA": {
        "cca2": "AU",
        "cf_lb_region": "OC",
        "city": "Hobart",
        "country": "Australia",
        "iata": "HBA",
        "lat": -42.8361,
        "lon": 147.51,
        "name": "Hobart, Australia",
        "region": "Oceania"
    },
    "HEL": {
        "cca2": "FI",
        "cf_lb_region": "EEU",
        "city": "Helsinki",
        "country": "Finland",
        "iata": "HEL",
        "lat": 60.3172,
        "lon": 24.9633,
        "name": "Helsinki, Finland",
        "region": "Europe"
    },
    "HFA": {
        "cca2": "IL",
        "cf_lb_region": "ME",
        "city": "Haifa",
        "country": "Israel",
        "iata": "HFA",
        "lat": 32.8094,
        "lon": 35.0431,
        "name": "Haifa, Israel",
        "region": "Middle East"
    },
    "HGH": {
        "cca2": "CN",
        "cf_lb_region": "NEAS",
        "city": "Shaoxing",
        "country": "China",
        "iata": "HGH",
        "lat": 30.2295,
        "lon": 120.434,
        "name": "Shaoxing, China",
        "region": "Asia"
    },
    "HKG": {
        "cca2": "CN",
        "cf_lb_region": "NEAS",
        "city": "Hong Kong",
        "country": "China",
        "iata": "HKG",
        "lat": 22.3089,
        "lon": 113.915,
        "name": "Hong Kong",
        "region": "Asia"
    },
    "HNL": {
        "cca2": "US",
        "cf_lb_region": "WNAM",
        "city": "Honolulu, HI",
        "country": "United States",
        "iata": "HNL",
        "lat": 21.3206,
        "lon": -157.924,
        "name": "Honolulu, HI, United States",
        "region": "North America"
    },
    "HRE": {
        "cca2": "ZW",
        "cf_lb_region": "SAF",
        "city": "Harare",
        "country": "Zimbabwe",
        "iata": "HRE",
        "lat": -17.9318,
        "lon": 31.0928,
        "name": "Harare, Zimbabwe",
        "region": "Africa"
    },
    "HYD": {
        "cca2": "IN",
        "cf_lb_region": "SAS",
        "city": "Hyderabad",
        "country": "India",
        "iata": "HYD",
        "lat": 17.2313,
        "lon": 78.4299,
        "name": "Hyderabad, India",
        "region": "Asia"
    },
    "HYN": {
        "cca2": "CN",
        "cf_lb_region": "NEAS",
        "city": "Taizhou",
        "country": "China",
        "iata": "HYN",
        "lat": 28.5622,
        "lon": 121.429,
        "name": "Taizhou, China",
        "region": "Asia"
    },
    "IAD": {
        "cca2": "US",
        "cf_lb_region": "ENAM",
        "city": "Ashburn, VA",
        "country": "United States",
        "iata": "IAD",
        "lat": 38.9445,
        "lon": -77.4558,
        "name": "Ashburn, VA, United States",
        "region": "North America"
    },
    "IAH": {
        "cca2": "US",
        "cf_lb_region": "WNAM",
        "city": "Houston, TX",
        "country": "United States",
        "iata": "IAH",
        "lat": 29.9844,
        "lon": -95.3414,
        "name": "Houston, TX, United States",
        "region": "North America"
    },
    "ICN": {
        "cca2": "KR",
        "cf_lb_region": "NEAS",
        "city": "Seoul",
        "country": "South Korea",
        "iata": "ICN",
        "lat": 37.4633,
        "lon": 126.44,
        "name": "Seoul, South Korea",
        "region": "Asia"
    },
    "IND": {
        "cca2": "US",
        "cf_lb_region": "ENAM",
        "city": "Indianapolis, IN",
        "country": "United States",
        "iata": "IND",
        "lat": 39.7173,
        "lon": -86.2944,
        "name": "Indianapolis, IN, United States",
        "region": "North America"
    },
    "ISB": {
        "cca2": "PK",
        "cf_lb_region": "SAS",
        "city": "Islamabad",
        "country": "Pakistan",
        "iata": "ISB",
        "lat": 33.5607,
        "lon": 72.8516,
        "name": "Islamabad, Pakistan",
        "region": "Asia"
    },
    "IST": {
        "cca2": "TR",
        "cf_lb_region": "EEU",
        "city": "Istanbul",
        "country": "Turkey",
        "iata": "IST",
        "lat": 41.2753,
        "lon": 28.7519,
        "name": "Istanbul, Turkey",
        "region": "Europe"
    },
    "ISU": {
        "cca2": "IQ",
        "cf_lb_region": "ME",
        "city": "Sulaymaniyah",
        "country": "Iraq",
        "iata": "ISU",
        "lat": 35.5617,
        "lon": 45.3167,
        "name": "Sulaymaniyah, Iraq",
        "region": "Middle East"
    },
    "IXC": {
        "cca2": "IN",
        "cf_lb_region": "SAS",
        "city": "Chandigarh",
        "country": "India",
        "iata": "IXC",
        "lat": 30.6735,
        "lon": 76.7885,
        "name": "Chandigarh, India",
        "region": "Asia"
    },
    "JAX": {
        "cca2": "US",
        "cf_lb_region": "ENAM",
        "city": "Jacksonville, FL",
        "country": "United States",
        "iata": "JAX",
        "lat": 30.4941,
        "lon": -81.6879,
        "name": "Jacksonville, FL, United States",
        "region": "North America"
    },
    "JDO": {
        "cca2": "BR",
        "cf_lb_region": "NSAM",
        "city": "Juazeiro do Norte",
        "country": "Brazil",
        "iata": "JDO",
        "lat": -7.21896,
        "lon": -39.2701,
        "name": "Juazeiro do Norte, Brazil",
        "region": "Latin America & the Caribbean"
    },
    "JED": {
        "cca2": "SA",
        "cf_lb_region": "ME",
        "city": "Jeddah",
        "country": "Saudi Arabia",
        "iata": "JED",
        "lat": 21.6796,
        "lon": 39.1565,
        "name": "Jeddah, Saudi Arabia",
        "region": "Middle East"
    },
    "JHB": {
        "cca2": "MY",
        "cf_lb_region": "SEAS",
        "city": "Johor Bahru",
        "country": "Malaysia",
        "iata": "JHB",
        "lat": 1.64131,
        "lon": 103.67,
        "name": "Johor Bahru, Malaysia",
        "region": "Asia"
    },
    "JIB": {
        "cca2": "DJ",
        "cf_lb_region": "NAF",
        "city": "Djibouti",
        "country": "Djibouti",
        "iata": "JIB",
        "lat": 11.5473,
        "lon": 43.1595,
        "name": "Djibouti, Djibouti",
        "region": "Africa"
    },
    "JNB": {
        "cca2": "ZA",
        "cf_lb_region": "SAF",
        "city": "Johannesburg",
        "country": "South Africa",
        "iata": "JNB",
        "lat": -26.1392,
        "lon": 28.246,
        "name": "Johannesburg, South Africa",
        "region": "Africa"
    },
    "JOG": {
        "cca2": "ID",
        "cf_lb_region": "SEAS",
        "city": "Yogyakarta",
        "country": "Indonesia",
        "iata": "JOG",
        "lat": -7.78818,
        "lon": 110.432,
        "name": "Yogyakarta, Indonesia",
        "region": "Asia"
    },
    "JOI": {
        "cca2": "BR",
        "cf_lb_region": "SSAM",
        "city": "Joinville",
        "country": "Brazil",
        "iata": "JOI",
        "lat": -26.2245,
        "lon": -48.7974,
        "name": "Joinville, Brazil",
        "region": "Latin America & the Caribbean"
    },
    "JXG": {
        "cca2": "CN",
        "cf_lb_region": "NEAS",
        "city": "Jiaxing",
        "country": "China",
        "iata": "JXG",
        "lat": 30.7067,
        "lon": 120.6806,
        "name": "Jiaxing, China",
        "region": "Asia"
    },
    "KBP": {
        "cca2": "UA",
        "cf_lb_region": "EEU",
        "city": "Kyiv",
        "country": "Ukraine",
        "iata": "KBP",
        "lat": 50.345,
        "lon": 30.8947,
        "name": "Kyiv, Ukraine",
        "region": "Europe"
    },
    "KCH": {
        "cca2": "MY",
        "cf_lb_region": "SEAS",
        "city": "Kuching",
        "country": "Malaysia",
        "iata": "KCH",
        "lat": 1.4847,
        "lon": 110.347,
        "name": "Kuching, Malaysia",
        "region": "Asia"
    },
    "KEF": {
        "cca2": "IS",
        "cf_lb_region": "WEU",
        "city": "Reykjavik",
        "country": "Iceland",
        "iata": "KEF",
        "lat": 63.985,
        "lon": -22.6056,
        "name": "Reykjavik, Iceland",
        "region": "Europe"
    },
    "KGL": {
        "cca2": "RW",
        "cf_lb_region": "SAF",
        "city": "Kigali",
        "country": "Rwanda",
        "iata": "KGL",
        "lat": -1.96863,
        "lon": 30.1395,
        "name": "Kigali, Rwanda",
        "region": "Africa"
    },
    "KHH": {
        "cca2": "TW",
        "cf_lb_region": "NEAS",
        "city": "Kaohsiung City",
        "country": "Taiwan",
        "iata": "KHH",
        "lat": 22.5771,
        "lon": 120.35,
        "name": "Kaohsiung City, Taiwan",
        "region": "Asia"
    },
    "KHI": {
        "cca2": "PK",
        "cf_lb_region": "SAS",
        "city": "Karachi",
        "country": "Pakistan",
        "iata": "KHI",
        "lat": 24.9065,
        "lon": 67.1608,
        "name": "Karachi, Pakistan",
        "region": "Asia"
    },
    "KHN": {
        "cca2": "CN",
        "cf_lb_region": "NEAS",
        "city": "Nanchang",
        "country": "China",
        "iata": "KHN",
        "lat": 28.865,
        "lon": 115.9,
        "name": "Nanchang, China",
        "region": "Asia"
    },
    "KIN": {
        "cca2": "JM",
        "cf_lb_region": "ENAM",
        "city": "Kingston",
        "country": "Jamaica",
        "iata": "KIN",
        "lat": 17.9357,
        "lon": -76.7875,
        "name": "Kingston, Jamaica",
        "region": "North America"
    },
    "KIV": {
        "cca2": "MD",
        "cf_lb_region": "EEU",
        "city": "Chisinau",
        "country": "Moldova",
        "iata": "KIV",
        "lat": 46.9277,
        "lon": 28.931,
        "name": "Chisinau, Moldova",
        "region": "Europe"
    },
    "KIX": {
        "cca2": "JP",
        "cf_lb_region": "NEAS",
        "city": "Osaka",
        "country": "Japan",
        "iata": "KIX",
        "lat": 34.4305,
        "lon": 135.23,
        "name": "Osaka, Japan",
        "region": "Asia"
    },
    "KJA": {
        "cca2": "RU",
        "cf_lb_region": "SAS",
        "city": "Krasnoyarsk",
        "country": "Russia",
        "iata": "KJA",
        "lat": 56.1729,
        "lon": 92.4933,
        "name": "Krasnoyarsk, Russia",
        "region": "Asia"
    },
    "KMG": {
        "cca2": "CN",
        "cf_lb_region": "NEAS",
        "city": "Kunming",
        "country": "China",
        "iata": "KMG",
        "lat": 25.1019,
        "lon": 102.929,
        "name": "Kunming, China",
        "region": "Asia"
    },
    "KNU": {
        "cca2": "IN",
        "cf_lb_region": "SAS",
        "city": "Kanpur",
        "country": "India",
        "iata": "KNU",
        "lat": 26.4043,
        "lon": 80.4101,
        "name": "Kanpur, India",
        "region": "Asia"
    },
    "KTM": {
        "cca2": "NP",
        "cf_lb_region": "SAS",
        "city": "Kathmandu",
        "country": "Nepal",
        "iata": "KTM",
        "lat": 27.6966,
        "lon": 85.3591,
        "name": "Kathmandu, Nepal",
        "region": "Asia"
    },
    "KUL": {
        "cca2": "MY",
        "cf_lb_region": "SEAS",
        "city": "Kuala Lumpur",
        "country": "Malaysia",
        "iata": "KUL",
        "lat": 2.74558,
        "lon": 101.71,
        "name": "Kuala Lumpur, Malaysia",
        "region": "Asia"
    },
    "KWE": {
        "cca2": "CN",
        "cf_lb_region": "NEAS",
        "city": "Guiyang",
        "country": "China",
        "iata": "KWE",
        "lat": 26.5385,
        "lon": 106.801,
        "name": "Guiyang, China",
        "region": "Asia"
    },
    "KWI": {
        "cca2": "KW",
        "cf_lb_region": "ME",
        "city": "Kuwait City",
        "country": "Kuwait",
        "iata": "KWI",
        "lat": 29.2266,
        "lon": 47.9689,
        "name": "Kuwait City, Kuwait",
        "region": "Middle East"
    },
    "LAD": {
        "cca2": "AO",
        "cf_lb_region": "SAF",
        "city": "Luanda",
        "country": "Angola",
        "iata": "LAD",
        "lat": -8.85837,
        "lon": 13.2312,
        "name": "Luanda, Angola",
        "region": "Africa"
    },
    "LAS": {
        "cca2": "US",
        "cf_lb_region": "WNAM",
        "city": "Las Vegas, NV",
        "country": "United States",
        "iata": "LAS",
        "lat": 36.0801,
        "lon": -115.152,
        "name": "Las Vegas, NV, United States",
        "region": "North America"
    },
    "LAX": {
        "cca2": "US",
        "cf_lb_region": "WNAM",
        "city": "Los Angeles, CA",
        "country": "United States",
        "iata": "LAX",
        "lat": 33.9425,
        "lon": -118.408,
        "name": "Los Angeles, CA, United States",
        "region": "North America"
    },
    "LCA": {
        "cca2": "CY",
        "cf_lb_region": "ME",
        "city": "Nicosia",
        "country": "Cyprus",
        "iata": "LCA",
        "lat": 34.8751,
        "lon": 33.6249,
        "name": "Nicosia, Cyprus",
        "region": "Europe"
    },
    "LED": {
        "cca2": "RU",
        "cf_lb_region": "EEU",
        "city": "Saint Petersburg",
        "country": "Russia",
        "iata": "LED",
        "lat": 59.8003,
        "lon": 30.2625,
        "name": "Saint Petersburg, Russia",
        "region": "Europe"
    },
    "LHE": {
        "cca2": "PK",
        "cf_lb_region": "SAS",
        "city": "Lahore",
        "country": "Pakistan",
        "iata": "LHE",
        "lat": 31.5216,
        "lon": 74.4036,
        "name": "Lahore, Pakistan",
        "region": "Asia"
    },
    "LHR": {
        "cca2": "GB",
        "cf_lb_region": "WEU",
        "city": "London",
        "country": "United Kingdom",
        "iata": "LHR",
        "lat": 51.4775,
        "lon": -0.461389,
        "name": "London, United Kingdom",
        "region": "Europe"
    },
    "LIM": {
        "cca2": "PE",
        "cf_lb_region": "NSAM",
        "city": "Lima",
        "country": "Peru",
        "iata": "LIM",
        "lat": -12.0219,
        "lon": -77.1143,
        "name": "Lima, Peru",
        "region": "Latin America & the Caribbean"
    },
    "LIS": {
        "cca2": "PT",
        "cf_lb_region": "WEU",
        "city": "Lisbon",
        "country": "Portugal",
        "iata": "LIS",
        "lat": 38.7813,
        "lon": -9.13592,
        "name": "Lisbon, Portugal",
        "region": "Europe"
    },
    "LLK": {
        "cca2": "AZ",
        "cf_lb_region": "ME",
        "city": "Astara",
        "country": "Azerbaijan",
        "iata": "LLK",
        "lat": 38.7464,
        "lon": 48.818,
        "name": "Astara, Azerbaijan",
        "region": "Middle East"
    },
    "LLW": {
        "cca2": "MW",
        "cf_lb_region": "SAF",
        "city": "Lilongwe",
        "country": "Malawi",
        "iata": "LLW",
        "lat": -13.7894,
        "lon": 33.781,
        "name": "Lilongwe, Malawi",
        "region": "Africa"
    },
    "LOS": {
        "cca2": "NG",
        "cf_lb_region": "NAF",
        "city": "Lagos",
        "country": "Nigeria",
        "iata": "LOS",
        "lat": 6.57737,
        "lon": 3.32116,
        "name": "Lagos, Nigeria",
        "region": "Africa"
    },
    "LPB": {
        "cca2": "BO",
        "cf_lb_region": "SSAM",
        "city": "La Paz",
        "country": "Bolivia",
        "iata": "LPB",
        "lat": -16.5133,
        "lon": -68.1923,
        "name": "La Paz, Bolivia",
        "region": "Latin America & the Caribbean"
    },
    "LUN": {
        "cca2": "ZM",
        "cf_lb_region": "SAF",
        "city": "Lusaka",
        "country": "Zambia",
        "iata": "LUN",
        "lat": -15.3308,
        "lon": 28.4526,
        "name": "Lusaka, Zambia",
        "region": "Africa"
    },
    "LUX": {
        "cca2": "LU",
        "cf_lb_region": "WEU",
        "city": "Luxembourg City",
        "country": "Luxembourg",
        "iata": "LUX",
        "lat": 49.6233,
        "lon": 6.20444,
        "name": "Luxembourg City, Luxembourg",
        "region": "Europe"
    },
    "LYS": {
        "cca2": "FR",
        "cf_lb_region": "WEU",
        "city": "Lyon",
        "country": "France",
        "iata": "LYS",
        "lat": 45.7256,
        "lon": 5.08111,
        "name": "Lyon, France",
        "region": "Europe"
    },
    "MAA": {
        "cca2": "IN",
        "cf_lb_region": "SAS",
        "city": "Chennai",
        "country": "India",
        "iata": "MAA",
        "lat": 12.99,
        "lon": 80.1693,
        "name": "Chennai, India",
        "region": "Asia"
    },
    "MAD": {
        "cca2": "ES",
        "cf_lb_region": "WEU",
        "city": "Madrid",
        "country": "Spain",
        "iata": "MAD",
        "lat": 40.4719,
        "lon": -3.56264,
        "name": "Madrid, Spain",
        "region": "Europe"
    },
    "MAN": {
        "cca2": "GB",
        "cf_lb_region": "WEU",
        "city": "Manchester",
        "country": "United Kingdom",
        "iata": "MAN",
        "lat": 53.3537,
        "lon": -2.27495,
        "name": "Manchester, United Kingdom",
        "region": "Europe"
    },
    "MAO": {
        "cca2": "BR",
        "cf_lb_region": "NSAM",
        "city": "Manaus",
        "country": "Brazil",
        "iata": "MAO",
        "lat": -3.03861,
        "lon": -60.0497,
        "name": "Manaus, Brazil",
        "region": "Latin America & the Caribbean"
    },
    "MBA": {
        "cca2": "KE",
        "cf_lb_region": "SAF",
        "city": "Mombasa",
        "country": "Kenya",
        "iata": "MBA",
        "lat": -4.03483,
        "lon": 39.5942,
        "name": "Mombasa, Kenya",
        "region": "Africa"
    },
    "MCI": {
        "cca2": "US",
        "cf_lb_region": "WNAM",
        "city": "Kansas City, MO",
        "country": "United States",
        "iata": "MCI",
        "lat": 39.2976,
        "lon": -94.7139,
        "name": "Kansas City, MO, United States",
        "region": "North America"
    },
    "MCT": {
        "cca2": "OM",
        "cf_lb_region": "ME",
        "city": "Muscat",
        "country": "Oman",
        "iata": "MCT",
        "lat": 23.5933,
        "lon": 58.2844,
        "name": "Muscat, Oman",
        "region": "Middle East"
    },
    "MDE": {
        "cca2": "CO",
        "cf_lb_region": "NSAM",
        "city": "Medellin",
        "country": "Colombia",
        "iata": "MDE",
        "lat": 6.16454,
        "lon": -75.4231,
        "name": "Medellin, Colombia",
        "region": "Latin America & the Caribbean"
    },
    "MEL": {
        "cca2": "AU",
        "cf_lb_region": "OC",
        "city": "Melbourne, VIC",
        "country": "Australia",
        "iata": "MEL",
        "lat": -37.6733,
        "lon": 144.843,
        "name": "Melbourne, VIC, Australia",
        "region": "Oceania"
    },
    "MEM": {
        "cca2": "US",
        "cf_lb_region": "ENAM",
        "city": "Memphis, TN",
        "country": "United States",
        "iata": "MEM",
        "lat": 35.0424,
        "lon": -89.9767,
        "name": "Memphis, TN, United States",
        "region": "North America"
    },
    "MEX": {
        "cca2": "MX",
        "cf_lb_region": "WNAM",
        "city": "Mexico City",
        "country": "Mexico",
        "iata": "MEX",
        "lat": 19.4363,
        "lon": -99.0721,
        "name": "Mexico City, Mexico",
        "region": "North America"
    },
    "MFM": {
        "cca2": "CN",
        "cf_lb_region": "NEAS",
        "city": "Macau",
        "country": "China",
        "iata": "MFM",
        "lat": 22.1496,
        "lon": 113.592,
        "name": "Macau",
        "region": "Asia"
    },
    "MIA": {
        "cca2": "US",
        "cf_lb_region": "ENAM",
        "city": "Miami, FL",
        "country": "United States",
        "iata": "MIA",
        "lat": 25.7932,
        "lon": -80.2906,
        "name": "Miami, FL, United States",
        "region": "North America"
    },
    "MLA": {
        "cca2": "MT",
        "cf_lb_region": "WEU",
        "city": "Santa Venera",
        "country": "Malta",
        "iata": "MLA",
        "lat": 35.8575,
        "lon": 14.4775,
        "name": "Santa Venera, Malta",
        "region": "Europe"
    },
    "MLE": {
        "cca2": "MV",
        "cf_lb_region": "SAS",
        "city": "Male",
        "country": "Maldives",
        "iata": "MLE",
        "lat": 4.19183,
        "lon": 73.5291,
        "name": "Male, Maldives",
        "region": "Asia"
    },
    "MLG": {
        "cca2": "ID",
        "cf_lb_region": "SEAS",
        "city": "Malang",
        "country": "Indonesia",
        "iata": "MLG",
        "lat": -7.92656,
        "lon": 112.715,
        "name": "Malang, Indonesia",
        "region": "Asia"
    },
    "MNL": {
        "cca2": "PH",
        "cf_lb_region": "SEAS",
        "city": "Manila",
        "country": "Philippines",
        "iata": "MNL",
        "lat": 14.5086,
        "lon": 121.02,
        "name": "Manila, Philippines",
        "region": "Asia"
    },
    "MPM": {
        "cca2": "MZ",
        "cf_lb_region": "SAF",
        "city": "Maputo",
        "country": "Mozambique",
        "iata": "MPM",
        "lat": -25.9208,
        "lon": 32.5726,
        "name": "Maputo, Mozambique",
        "region": "Africa"
    },
    "MRS": {
        "cca2": "FR",
        "cf_lb_region": "WEU",
        "city": "Marseille",
        "country": "France",
        "iata": "MRS",
        "lat": 43.4393,
        "lon": 5.22142,
        "name": "Marseille, France",
        "region": "Europe"
    },
    "MRU": {
        "cca2": "MU",
        "cf_lb_region": "SAF",
        "city": "Port Louis",
        "country": "Mauritius",
        "iata": "MRU",
        "lat": -20.4302,
        "lon": 57.6836,
        "name": "Port Louis, Mauritius",
        "region": "Africa"
    },
    "MSP": {
        "cca2": "US",
        "cf_lb_region": "ENAM",
        "city": "Minneapolis, MN",
        "country": "United States",
        "iata": "MSP",
        "lat": 44.882,
        "lon": -93.2218,
        "name": "Minneapolis, MN, United States",
        "region": "North America"
    },
    "MSQ": {
        "cca2": "BY",
        "cf_lb_region": "EEU",
        "city": "Minsk",
        "country": "Belarus",
        "iata": "MSQ",
        "lat": 53.8825,
        "lon": 28.0307,
        "name": "Minsk, Belarus",
        "region": "Europe"
    },
    "MUC": {
        "cca2": "DE",
        "cf_lb_region": "WEU",
        "city": "Munich",
        "country": "Germany",
        "iata": "MUC",
        "lat": 48.3538,
        "lon": 11.7861,
        "name": "Munich, Germany",
        "region": "Europe"
    },
    "MXP": {
        "cca2": "IT",
        "cf_lb_region": "WEU",
        "city": "Milan",
        "country": "Italy",
        "iata": "MXP",
        "lat": 45.6306,
        "lon": 8.72811,
        "name": "Milan, Italy",
        "region": "Europe"
    },
    "NAG": {
        "cca2": "IN",
        "cf_lb_region": "SAS",
        "city": "Nagpur",
        "country": "India",
        "iata": "NAG",
        "lat": 21.0922,
        "lon": 79.0472,
        "name": "Nagpur, India",
        "region": "Asia"
    },
    "NBO": {
        "cca2": "KE",
        "cf_lb_region": "SAF",
        "city": "Nairobi",
        "country": "Kenya",
        "iata": "NBO",
        "lat": -1.31924,
        "lon": 36.9278,
        "name": "Nairobi, Kenya",
        "region": "Africa"
    },
    "NJF": {
        "cca2": "IQ",
        "cf_lb_region": "ME",
        "city": "Najaf",
        "country": "Iraq",
        "iata": "NJF",
        "lat": 31.9899,
        "lon": 44.4043,
        "name": "Najaf, Iraq",
        "region": "Middle East"
    },
    "NNG": {
        "cca2": "CN",
        "cf_lb_region": "NEAS",
        "city": "Nanning",
        "country": "China",
        "iata": "NNG",
        "lat": 22.6083,
        "lon": 108.172,
        "name": "Nanning, China",
        "region": "Asia"
    },
    "NOU": {
        "cca2": "NC",
        "cf_lb_region": "OC",
        "city": "Noumea",
        "country": "New Caledonia",
        "iata": "NOU",
        "lat": -22.0146,
        "lon": 166.213,
        "name": "Noumea, New Caledonia",
        "region": "Oceania"
    },
    "NQN": {
        "cca2": "AR",
        "cf_lb_region": "SSAM",
        "city": "Neuquen",
        "country": "Argentina",
        "iata": "NQN",
        "lat": -38.949,
        "lon": -68.1557,
        "name": "Neuquen, Argentina",
        "region": "Latin America & the Caribbean"
    },
    "NQZ": {
        "cca2": "KZ",
        "cf_lb_region": "SAS",
        "city": "Astana",
        "country": "Kazakhstan",
        "iata": "NQZ",
        "lat": 51.0222,
        "lon": 71.4669,
        "name": "Astana, Kazakhstan",
        "region": "Asia"
    },
    "NRT": {
        "cca2": "JP",
        "cf_lb_region": "NEAS",
        "city": "Tokyo",
        "country": "Japan",
        "iata": "NRT",
        "lat": 35.7653,
        "lon": 140.386,
        "name": "Tokyo, Japan",
        "region": "Asia"
    },
    "NVT": {
        "cca2": "BR",
        "cf_lb_region": "SSAM",
        "city": "Timbo",
        "country": "Brazil",
        "iata": "NVT",
        "lat": -26.88,
        "lon": -48.6514,
        "name": "Timbo, Brazil",
        "region": "Latin America & the Caribbean"
    },
    "OKA": {
        "cca2": "JP",
        "cf_lb_region": "NEAS",
        "city": "Naha",
        "country": "Japan",
        "iata": "OKA",
        "lat": 26.1958,
        "lon": 127.646,
        "name": "Naha, Japan",
        "region": "Asia"
    },
    "OKC": {
        "cca2": "US",
        "cf_lb_region": "WNAM",
        "city": "Oklahoma City, OK",
        "country": "United States",
        "iata": "OKC",
        "lat": 35.3931,
        "lon": -97.6007,
        "name": "Oklahoma City, OK, United States",
        "region": "North America"
    },
    "OMA": {
        "cca2": "US",
        "cf_lb_region": "WNAM",
        "city": "Omaha, NE",
        "country": "United States",
        "iata": "OMA",
        "lat": 41.3032,
        "lon": -95.8941,
        "name": "Omaha, NE, United States",
        "region": "North America"
    },
    "ORD": {
        "cca2": "US",
        "cf_lb_region": "ENAM",
        "city": "Chicago, IL",
        "country": "United States",
        "iata": "ORD",
        "lat": 41.9786,
        "lon": -87.9047,
        "name": "Chicago, IL, United States",
        "region": "North America"
    },
    "ORF": {
        "cca2": "US",
        "cf_lb_region": "ENAM",
        "city": "Norfolk, VA",
        "country": "United States",
        "iata": "ORF",
        "lat": 36.8946,
        "lon": -76.2012,
        "name": "Norfolk, VA, United States",
        "region": "North America"
    },
    "ORN": {
        "cca2": "DZ",
        "cf_lb_region": "NAF",
        "city": "Oran",
        "country": "Algeria",
        "iata": "ORN",
        "lat": 35.6239,
        "lon": -0.621183,
        "name": "Oran, Algeria",
        "region": "Africa"
    },
    "OSL": {
        "cca2": "NO",
        "cf_lb_region": "EEU",
        "city": "Oslo",
        "country": "Norway",
        "iata": "OSL",
        "lat": 60.1939,
        "lon": 11.1004,
        "name": "Oslo, Norway",
        "region": "Europe"
    },
    "OTP": {
        "cca2": "RO",
        "cf_lb_region": "EEU",
        "city": "Bucharest",
        "country": "Romania",
        "iata": "OTP",
        "lat": 44.5711,
        "lon": 26.085,
        "name": "Bucharest, Romania",
        "region": "Europe"
    },
    "OUA": {
        "cca2": "BF",
        "cf_lb_region": "NAF",
        "city": "Ouagadougou",
        "country": "Burkina Faso",
        "iata": "OUA",
        "lat": 12.3532,
        "lon": -1.51242,
        "name": "Ouagadougou, Burkina Faso",
        "region": "Africa"
    },
    "PAT": {
        "cca2": "IN",
        "cf_lb_region": "SAS",
        "city": "Patna",
        "country": "India",
        "iata": "PAT",
        "lat": 25.5913,
        "lon": 85.088,
        "name": "Patna, India",
        "region": "Asia"
    },
    "PBH": {
        "cca2": "BT",
        "cf_lb_region": "SEAS",
        "city": "Thimphu",
        "country": "Bhutan",
        "iata": "PBH",
        "lat": 27.4032,
        "lon": 89.4246,
        "name": "Thimphu, Bhutan",
        "region": "Asia"
    },
    "PBM": {
        "cca2": "SR",
        "cf_lb_region": "NSAM",
        "city": "Paramaribo",
        "country": "Suriname",
        "iata": "PBM",
        "lat": 5.45283,
        "lon": -55.1878,
        "name": "Paramaribo, Suriname",
        "region": "Latin America & the Caribbean"
    },
    "PDX": {
        "cca2": "US",
        "cf_lb_region": "WNAM",
        "city": "Portland, OR",
        "country": "United States",
        "iata": "PDX",
        "lat": 45.5887,
        "lon": -122.598,
        "name": "Portland, OR, United States",
        "region": "North America"
    },
    "PER": {
        "cca2": "AU",
        "cf_lb_region": "OC",
        "city": "Perth, WA",
        "country": "Australia",
        "iata": "PER",
        "lat": -31.9403,
        "lon": 115.967,
        "name": "Perth, WA, Australia",
        "region": "Oceania"
    },
    "PHL": {
        "cca2": "US",
        "cf_lb_region": "ENAM",
        "city": "Philadelphia",
        "country": "United States",
        "iata": "PHL",
        "lat": 39.8719,
        "lon": -75.2411,
        "name": "Philadelphia, United States",
        "region": "North America"
    },
    "PHX": {
        "cca2": "US",
        "cf_lb_region": "WNAM",
        "city": "Phoenix, AZ",
        "country": "United States",
        "iata": "PHX",
        "lat": 33.4343,
        "lon": -112.012,
        "name": "Phoenix, AZ, United States",
        "region": "North America"
    },
    "PIT": {
        "cca2": "US",
        "cf_lb_region": "ENAM",
        "city": "Pittsburgh, PA",
        "country": "United States",
        "iata": "PIT",
        "lat": 40.4915,
        "lon": -80.2329,
        "name": "Pittsburgh, PA, United States",
        "region": "North America"
    },
    "PKX": {
        "cca2": "CN",
        "cf_lb_region": "NEAS",
        "city": "Langfang",
        "country": "China",
        "iata": "PKX",
        "lat": 39.5101,
        "lon": 116.4101,
        "name": "Langfang, China",
        "region": "Asia"
    },
    "PMO": {
        "cca2": "IT",
        "cf_lb_region": "EEU",
        "city": "Palermo",
        "country": "Italy",
        "iata": "PMO",
        "lat": 38.176,
        "lon": 13.091,
        "name": "Palermo, Italy",
        "region": "Europe"
    },
    "PMW": {
        "cca2": "BR",
        "cf_lb_region": "NSAM",
        "city": "Palmas",
        "country": "Brazil",
        "iata": "PMW",
        "lat": -10.2915,
        "lon": -48.357,
        "name": "Palmas, Brazil",
        "region": "Latin America & the Caribbean"
    },
    "PNH": {
        "cca2": "KH",
        "cf_lb_region": "SEAS",
        "city": "Phnom Penh",
        "country": "Cambodia",
        "iata": "PNH",
        "lat": 11.5466,
        "lon": 104.844,
        "name": "Phnom Penh, Cambodia",
        "region": "Asia"
    },
    "POA": {
        "cca2": "BR",
        "cf_lb_region": "SSAM",
        "city": "Porto Alegre",
        "country": "Brazil",
        "iata": "POA",
        "lat": -29.9944,
        "lon": -51.1714,
        "name": "Porto Alegre, Brazil",
        "region": "Latin America & the Caribbean"
    },
    "POS": {
        "cca2": "TT",
        "cf_lb_region": "NSAM",
        "city": "Port of Spain",
        "country": "Trinidad and Tobago",
        "iata": "POS",
        "lat": 10.5954,
        "lon": -61.3372,
        "name": "Port of Spain, Trinidad and Tobago",
        "region": "Latin America & the Caribbean"
    },
    "PPT": {
        "cca2": "PF",
        "cf_lb_region": "OC",
        "city": "Tahiti",
        "country": "French Polynesia",
        "iata": "PPT",
        "lat": -17.5537,
        "lon": -149.607,
        "name": "Tahiti, French Polynesia",
        "region": "Oceania"
    },
    "PRG": {
        "cca2": "CZ",
        "cf_lb_region": "EEU",
        "city": "Prague",
        "country": "Czech Republic",
        "iata": "PRG",
        "lat": 50.1008,
        "lon": 14.26,
        "name": "Prague, Czech Republic",
        "region": "Europe"
    },
    "PTY": {
        "cca2": "PA",
        "cf_lb_region": "NSAM",
        "city": "Panama City",
        "country": "Panama",
        "iata": "PTY",
        "lat": 9.07136,
        "lon": -79.3835,
        "name": "Panama City, Panama",
        "region": "Latin America & the Caribbean"
    },
    "QRO": {
        "cca2": "MX",
        "cf_lb_region": "WNAM",
        "city": "Queretaro, MX",
        "country": "Mexico",
        "iata": "QRO",
        "lat": 20.6173,
        "lon": -100.186,
        "name": "Queretaro, MX, Mexico",
        "region": "North America"
    },
    "QWJ": {
        "cca2": "BR",
        "cf_lb_region": "SSAM",
        "city": "Americana",
        "country": "Brazil",
        "iata": "QWJ",
        "lat": -22.7559,
        "lon": -47.2694,
        "name": "Americana, Brazil",
        "region": "Latin America & the Caribbean"
    },
    "RAO": {
        "cca2": "BR",
        "cf_lb_region": "SSAM",
        "city": "Ribeirao Preto",
        "country": "Brazil",
        "iata": "RAO",
        "lat": -21.1364,
        "lon": -47.7767,
        "name": "Ribeirao Preto, Brazil",
        "region": "Latin America & the Caribbean"
    },
    "RDU": {
        "cca2": "US",
        "cf_lb_region": "ENAM",
        "city": "Durham, NC",
        "country": "United States",
        "iata": "RDU",
        "lat": 35.8776,
        "lon": -78.7875,
        "name": "Durham, NC, United States",
        "region": "North America"
    },
    "REC": {
        "cca2": "BR",
        "cf_lb_region": "NSAM",
        "city": "Recife",
        "country": "Brazil",
        "iata": "REC",
        "lat": -8.12649,
        "lon": -34.9236,
        "name": "Recife, Brazil",
        "region": "Latin America & the Caribbean"
    },
    "RIC": {
        "cca2": "US",
        "cf_lb_region": "ENAM",
        "city": "Richmond, VA",
        "country": "United States",
        "iata": "RIC",
        "lat": 37.5052,
        "lon": -77.3197,
        "name": "Richmond, VA, United States",
        "region": "North America"
    },
    "RIX": {
        "cca2": "LV",
        "cf_lb_region": "EEU",
        "city": "Riga",
        "country": "Latvia",
        "iata": "RIX",
        "lat": 56.9236,
        "lon": 23.9711,
        "name": "Riga, Latvia",
        "region": "Europe"
    },
    "RUH": {
        "cca2": "SA",
        "cf_lb_region": "ME",
        "city": "Riyadh",
        "country": "Saudi Arabia",
        "iata": "RUH",
        "lat": 24.9576,
        "lon": 46.6988,
        "name": "Riyadh, Saudi Arabia",
        "region": "Middle East"
    },
    "RUN": {
        "cca2": "RE",
        "cf_lb_region": "SAF",
        "city": "Saint-Denis",
        "country": "Reunion",
        "iata": "RUN",
        "lat": -20.8871,
        "lon": 55.5103,
        "name": "Saint-Denis, Reunion",
        "region": "Africa"
    },
    "SAN": {
        "cca2": "US",
        "cf_lb_region": "WNAM",
        "city": "San Diego, CA",
        "country": "United States",
        "iata": "SAN",
        "lat": 32.7336,
        "lon": -117.19,
        "name": "San Diego, CA, United States",
        "region": "North America"
    },
    "SAP": {
        "cca2": "HN",
        "cf_lb_region": "ENAM",
        "city": "San Pedro Sula",
        "country": "Honduras",
        "iata": "SAP",
        "lat": 15.4526,
        "lon": -87.9236,
        "name": "San Pedro Sula, Honduras",
        "region": "Latin America & the Caribbean"
    },
    "SAT": {
        "cca2": "US",
        "cf_lb_region": "WNAM",
        "city": "San Antonio, TX",
        "country": "United States",
        "iata": "SAT",
        "lat": 29.5337,
        "lon": -98.4698,
        "name": "San Antonio, TX, United States",
        "region": "North America"
    },
    "SCL": {
        "cca2": "CL",
        "cf_lb_region": "SSAM",
        "city": "Santiago",
        "country": "Chile",
        "iata": "SCL",
        "lat": -33.3928,
        "lon": -70.7856,
        "name": "Santiago, Chile",
        "region": "Latin America & the Caribbean"
    },
    "SDQ": {
        "cca2": "DO",
        "cf_lb_region": "ENAM",
        "city": "Santo Domingo",
        "country": "Dominican Republic",
        "iata": "SDQ",
        "lat": 18.4297,
        "lon": -69.6689,
        "name": "Santo Domingo, Dominican Republic",
        "region": "Latin America & the Caribbean"
    },
    "SEA": {
        "cca2": "US",
        "cf_lb_region": "WNAM",
        "city": "Seattle, WA",
        "country": "United States",
        "iata": "SEA",
        "lat": 47.449,
        "lon": -122.309,
        "name": "Seattle, WA, United States",
        "region": "North America"
    },
    "SFO": {
        "cca2": "US",
        "cf_lb_region": "WNAM",
        "city": "San Francisco, CA",
        "country": "United States",
        "iata": "SFO",
        "lat": 37.619,
        "lon": -122.375,
        "name": "San Francisco, CA, United States",
        "region": "North America"
    },
    "SGN": {
        "cca2": "VN",
        "cf_lb_region": "SEAS",
        "city": "Ho Chi Minh City",
        "country": "Vietnam",
        "iata": "SGN",
        "lat": 10.8188,
        "lon": 106.652,
        "name": "Ho Chi Minh City, Vietnam",
        "region": "Asia"
    },
    "SHA": {
        "cca2": "CN",
        "cf_lb_region": "NEAS",
        "city": "Shanghai",
        "country": "China",
        "iata": "SHA",
        "lat": 31.1979,
        "lon": 121.336,
        "name": "Shanghai, China",
        "region": "Asia"
    },
    "SIN": {
        "cca2": "SG",
        "cf_lb_region": "SEAS",
        "city": "Singapore",
        "country": "Singapore",
        "iata": "SIN",
        "lat": 1.35019,
        "lon": 103.994,
        "name": "Singapore, Singapore",
        "region": "Asia"
    },
    "SJC": {
        "cca2": "US",
        "cf_lb_region": "WNAM",
        "city": "San Jose, CA",
        "country": "United States",
        "iata": "SJC",
        "lat": 37.3626,
        "lon": -121.929,
        "name": "San Jose, CA, United States",
        "region": "North America"
    },
    "SJK": {
        "cca2": "BR",
        "cf_lb_region": "SSAM",
        "city": "Sao Jose dos Campos",
        "country": "Brazil",
        "iata": "SJK",
        "lat": -23.2292,
        "lon": -45.8615,
        "name": "Sao Jose dos Campos, Brazil",
        "region": "Latin America & the Caribbean"
    },
    "SJO": {
        "cca2": "CR",
        "cf_lb_region": "NSAM",
        "city": "San Jose",
        "country": "Costa Rica",
        "iata": "SJO",
        "lat": 9.99386,
        "lon": -84.2088,
        "name": "San Jose, Costa Rica",
        "region": "Latin America & the Caribbean"
    },
    "SJP": {
        "cca2": "BR",
        "cf_lb_region": "SSAM",
        "city": "Sao Jose do Rio Preto",
        "country": "Brazil",
        "iata": "SJP",
        "lat": -20.8166,
        "lon": -49.4065,
        "name": "Sao Jose do Rio Preto, Brazil",
        "region": "Latin America & the Caribbean"
    },
    "SJU": {
        "cca2": "PR",
        "cf_lb_region": "ENAM",
        "city": "San Juan",
        "country": "Puerto Rico",
        "iata": "SJU",
        "lat": 18.4394,
        "lon": -66.0018,
        "name": "San Juan, Puerto Rico",
        "region": "Latin America & the Caribbean"
    },
    "SJW": {
        "cca2": "CN",
        "cf_lb_region": "NEAS",
        "city": "Shijiazhuang",
        "country": "China",
        "iata": "SJW",
        "lat": 38.2807,
        "lon": 114.697,
        "name": "Shijiazhuang, China",
        "region": "Asia"
    },
    "SKG": {
        "cca2": "GR",
        "cf_lb_region": "EEU",
        "city": "Thessaloniki",
        "country": "Greece",
        "iata": "SKG",
        "lat": 40.5197,
        "lon": 22.9709,
        "name": "Thessaloniki, Greece",
        "region": "Europe"
    },
    "SKP": {
        "cca2": "MK",
        "cf_lb_region": "EEU",
        "city": "Skopje",
        "country": "North Macedonia",
        "iata": "SKP",
        "lat": 41.9616,
        "lon": 21.6214,
        "name": "Skopje, North Macedonia",
        "region": "Europe"
    },
    "SLC": {
        "cca2": "US",
        "cf_lb_region": "WNAM",
        "city": "Salt Lake City, UT",
        "country": "United States",
        "iata": "SLC",
        "lat": 40.7884,
        "lon": -111.978,
        "name": "Salt Lake City, UT, United States",
        "region": "North America"
    },
    "SMF": {
        "cca2": "US",
        "cf_lb_region": "WNAM",
        "city": "Sacramento, CA",
        "country": "United States",
        "iata": "SMF",
        "lat": 38.6954,
        "lon": -121.591,
        "name": "Sacramento, CA, United States",
        "region": "North America"
    },
    "SOD": {
        "cca2": "BR",
        "cf_lb_region": "SSAM",
        "city": "Sorocaba",
        "country": "Brazil",
        "iata": "SOD",
        "lat": -23.478,
        "lon": -47.49,
        "name": "Sorocaba, Brazil",
        "region": "Latin America & the Caribbean"
    },
    "SOF": {
        "cca2": "BG",
        "cf_lb_region": "EEU",
        "city": "Sofia",
        "country": "Bulgaria",
        "iata": "SOF",
        "lat": 42.6967,
        "lon": 23.4114,
        "name": "Sofia, Bulgaria",
        "region": "Europe"
    },
    "SSA": {
        "cca2": "BR",
        "cf_lb_region": "NSAM",
        "city": "Salvador",
        "country": "Brazil",
        "iata": "SSA",
        "lat": -12.9086,
        "lon": -38.3225,
        "name": "Salvador, Brazil",
        "region": "Latin America & the Caribbean"
    },
    "STI": {
        "cca2": "DO",
        "cf_lb_region": "ENAM",
        "city": "Santiago de los Caballeros",
        "country": "Dominican Republic",
        "iata": "STI",
        "lat": 19.4061,
        "lon": -70.6047,
        "name": "Santiago de los Caballeros, Dominican Republic",
        "region": "Latin America & the Caribbean"
    },
    "STL": {
        "cca2": "US",
        "cf_lb_region": "ENAM",
        "city": "St. Louis, MO",
        "country": "United States",
        "iata": "STL",
        "lat": 38.7487,
        "lon": -90.37,
        "name": "St. Louis, MO, United States",
        "region": "North America"
    },
    "STR": {
        "cca2": "DE",
        "cf_lb_region": "WEU",
        "city": "Stuttgart",
        "country": "Germany",
        "iata": "STR",
        "lat": 48.6899,
        "lon": 9.22196,
        "name": "Stuttgart, Germany",
        "region": "Europe"
    },
    "SUV": {
        "cca2": "FJ",
        "cf_lb_region": "OC",
        "city": "Suva",
        "country": "Fiji",
        "iata": "SUV",
        "lat": -18.0433,
        "lon": 178.559,
        "name": "Suva, Fiji",
        "region": "Oceania"
    },
    "SYD": {
        "cca2": "AU",
        "cf_lb_region": "OC",
        "city": "Sydney, NSW",
        "country": "Australia",
        "iata": "SYD",
        "lat": -33.9461,
        "lon": 151.177,
        "name": "Sydney, NSW, Australia",
        "region": "Oceania"
    },
    "SZX": {
        "cca2": "CN",
        "cf_lb_region": "NEAS",
        "city": "Shenzhen",
        "country": "China",
        "iata": "SZX",
        "lat": 22.6393,
        "lon": 113.811,
        "name": "Shenzhen, China",
        "region": "Asia"
    },
    "TAO": {
        "cca2": "CN",
        "cf_lb_region": "NEAS",
        "city": "Qingdao",
        "country": "China",
        "iata": "TAO",
        "lat": 36.2661,
        "lon": 120.374,
        "name": "Qingdao, China",
        "region": "Asia"
    },
    "TBS": {
        "cca2": "GE",
        "cf_lb_region": "ME",
        "city": "Tbilisi",
        "country": "Georgia",
        "iata": "TBS",
        "lat": 41.6692,
        "lon": 44.9547,
        "name": "Tbilisi, Georgia",
        "region": "Europe"
    },
    "TEN": {
        "cca2": "CN",
        "cf_lb_region": "NEAS",
        "city": "Tongren",
        "country": "China",
        "iata": "TEN",
        "lat": 27.8833,
        "lon": 109.309,
        "name": "Tongren, China",
        "region": "Asia"
    },
    "TGU": {
        "cca2": "HN",
        "cf_lb_region": "ENAM",
        "city": "Tegucigalpa",
        "country": "Honduras",
        "iata": "TGU",
        "lat": 14.0609,
        "lon": -87.2172,
        "name": "Tegucigalpa, Honduras",
        "region": "Latin America & the Caribbean"
    },
    "TIA": {
        "cca2": "AL",
        "cf_lb_region": "EEU",
        "city": "Tirana",
        "country": "Albania",
        "iata": "TIA",
        "lat": 41.4147,
        "lon": 19.7206,
        "name": "Tirana, Albania",
        "region": "Europe"
    },
    "TLH": {
        "cca2": "US",
        "cf_lb_region": "ENAM",
        "city": "Tallahassee, FL",
        "country": "United States",
        "iata": "TLH",
        "lat": 30.3965,
        "lon": -84.3503,
        "name": "Tallahassee, FL, United States",
        "region": "North America"
    },
    "TLL": {
        "cca2": "EE",
        "cf_lb_region": "EEU",
        "city": "Tallinn",
        "country": "Estonia",
        "iata": "TLL",
        "lat": 59.4133,
        "lon": 24.8328,
        "name": "Tallinn, Estonia",
        "region": "Europe"
    },
    "TLV": {
        "cca2": "IL",
        "cf_lb_region": "ME",
        "city": "Tel Aviv",
        "country": "Israel",
        "iata": "TLV",
        "lat": 32.0114,
        "lon": 34.8867,
        "name": "Tel Aviv, Israel",
        "region": "Middle East"
    },
    "TNA": {
        "cca2": "CN",
        "cf_lb_region": "NEAS",
        "city": "Zibo",
        "country": "China",
        "iata": "TNA",
        "lat": 36.8572,
        "lon": 117.216,
        "name": "Zibo, China",
        "region": "Asia"
    },
    "TNR": {
        "cca2": "MG",
        "cf_lb_region": "SAF",
        "city": "Antananarivo",
        "country": "Madagascar",
        "iata": "TNR",
        "lat": -18.7969,
        "lon": 47.4788,
        "name": "Antananarivo, Madagascar",
        "region": "Africa"
    },
    "TPA": {
        "cca2": "US",
        "cf_lb_region": "ENAM",
        "city": "Tampa, FL",
        "country": "United States",
        "iata": "TPA",
        "lat": 27.9755,
        "lon": -82.5332,
        "name": "Tampa, FL, United States",
        "region": "North America"
    },
    "TPE": {
        "cca2": "TW",
        "cf_lb_region": "NEAS",
        "city": "Taipei",
        "country": "Taiwan",
        "iata": "TPE",
        "lat": 25.0777,
        "lon": 121.233,
        "name": "Taipei",
        "region": "Asia"
    },
    "TUN": {
        "cca2": "TN",
        "cf_lb_region": "NAF",
        "city": "Tunis",
        "country": "Tunisia",
        "iata": "TUN",
        "lat": 36.8511,
        "lon": 10.2272,
        "name": "Tunis, Tunisia",
        "region": "Africa"
    },
    "TXL": {
        "cca2": "DE",
        "cf_lb_region": "EEU",
        "city": "Berlin",
        "country": "Germany",
        "iata": "TXL",
        "lat": 52.5597,
        "lon": 13.2877,
        "name": "Berlin, Germany",
        "region": "Europe"
    },
    "TYN": {
        "cca2": "CN",
        "cf_lb_region": "NEAS",
        "city": "Yangquan",
        "country": "China",
        "iata": "TYN",
        "lat": 37.7469,
        "lon": 112.628,
        "name": "Yangquan, China",
        "region": "Asia"
    },
    "UDI": {
        "cca2": "BR",
        "cf_lb_region": "SSAM",
        "city": "Uberlandia",
        "country": "Brazil",
        "iata": "UDI",
        "lat": -18.8836,
        "lon": -48.2253,
        "name": "Uberlandia, Brazil",
        "region": "Latin America & the Caribbean"
    },
    "UIO": {
        "cca2": "EC",
        "cf_lb_region": "NSAM",
        "city": "Quito",
        "country": "Ecuador",
        "iata": "UIO",
        "lat": -0.129167,
        "lon": -78.3575,
        "name": "Quito, Ecuador",
        "region": "Latin America & the Caribbean"
    },
    "ULN": {
        "cca2": "MN",
        "cf_lb_region": "NEAS",
        "city": "Ulaanbaatar",
        "country": "Mongolia",
        "iata": "ULN",
        "lat": 47.8431,
        "lon": 106.767,
        "name": "Ulaanbaatar, Mongolia",
        "region": "Asia"
    },
    "URT": {
        "cca2": "TH",
        "cf_lb_region": "SEAS",
        "city": "Surat Thani",
        "country": "Thailand",
        "iata": "URT",
        "lat": 9.1326,
        "lon": 99.1356,
        "name": "Surat Thani, Thailand",
        "region": "Asia"
    },
    "VCP": {
        "cca2": "BR",
        "cf_lb_region": "SSAM",
        "city": "Campinas",
        "country": "Brazil",
        "iata": "VCP",
        "lat": -23.0081,
        "lon": -47.1344,
        "name": "Campinas, Brazil",
        "region": "Latin America & the Caribbean"
    },
    "VIE": {
        "cca2": "AT",
        "cf_lb_region": "EEU",
        "city": "Vienna",
        "country": "Austria",
        "iata": "VIE",
        "lat": 48.1103,
        "lon": 16.5697,
        "name": "Vienna, Austria",
        "region": "Europe"
    },
    "VIX": {
        "cca2": "BR",
        "cf_lb_region": "SSAM",
        "city": "Vitoria",
        "country": "Brazil",
        "iata": "VIX",
        "lat": -20.2581,
        "lon": -40.2864,
        "name": "Vitoria, Brazil",
        "region": "Latin America & the Caribbean"
    },
    "VNO": {
        "cca2": "LT",
        "cf_lb_region": "EEU",
        "city": "Vilnius",
        "country": "Lithuania",
        "iata": "VNO",
        "lat": 54.6341,
        "lon": 25.2858,
        "name": "Vilnius, Lithuania",
        "region": "Europe"
    },
    "VTE": {
        "cca2": "LA",
        "cf_lb_region": "SEAS",
        "city": "Vientiane",
        "country": "Laos",
        "iata": "VTE",
        "lat": 17.9883,
        "lon": 102.563,
        "name": "Vientiane, Laos",
        "region": "Asia"
    },
    "WAW": {
        "cca2": "PL",
        "cf_lb_region": "EEU",
        "city": "Warsaw",
        "country": "Poland",
        "iata": "WAW",
        "lat": 52.1657,
        "lon": 20.9671,
        "name": "Warsaw, Poland",
        "region": "Europe"
    },
    "WDH": {
        "cca2": "NA",
        "cf_lb_region": "SAF",
        "city": "Windhoek",
        "country": "Namibia",
        "iata": "WDH",
        "lat": -22.4799,
        "lon": 17.4709,
        "name": "Windhoek, Namibia",
        "region": "Africa"
    },
    "WRO": {
        "cca2": "PL",
        "cf_lb_region": "EEU",
        "city": "Wroclaw",
        "country": "Poland",
        "iata": "WRO",
        "lat": 51.1027,
        "lon": 16.8858,
        "name": "Wroclaw, Poland",
        "region": "Europe"
    },
    "XAP": {
        "cca2": "BR",
        "cf_lb_region": "SSAM",
        "city": "Chapeco",
        "country": "Brazil",
        "iata": "XAP",
        "lat": -27.1342,
        "lon": -52.6566,
        "name": "Chapeco, Brazil",
        "region": "Latin America & the Caribbean"
    },
    "XFN": {
        "cca2": "CN",
        "cf_lb_region": "NEAS",
        "city": "Xiangyang",
        "country": "China",
        "iata": "XFN",
        "lat": 32.1506,
        "lon": 112.291,
        "name": "Xiangyang, China",
        "region": "Asia"
    },
    "XIY": {
        "cca2": "CN",
        "cf_lb_region": "NEAS",
        "city": "Baoji",
        "country": "China",
        "iata": "XIY",
        "lat": 34.4471,
        "lon": 108.752,
        "name": "Baoji, China",
        "region": "Asia"
    },
    "XNH": {
        "cca2": "IQ",
        "cf_lb_region": "ME",
        "city": "Nasiriyah",
        "country": "Iraq",
        "iata": "XNH",
        "lat": 36.281579,
        "lon": -94.307766,
        "name": "Nasiriyah, Iraq",
        "region": "Middle East"
    },
    "XNN": {
        "cca2": "CN",
        "cf_lb_region": "NEAS",
        "city": "Xining",
        "country": "China",
        "iata": "XNN",
        "lat": 36.5275,
        "lon": 102.043,
        "name": "Xining, China",
        "region": "Asia"
    },
    "YHZ": {
        "cca2": "CA",
        "cf_lb_region": "ENAM",
        "city": "Halifax",
        "country": "Canada",
        "iata": "YHZ",
        "lat": 44.8808,
        "lon": -63.5086,
        "name": "Halifax, Canada",
        "region": "North America"
    },
    "YOW": {
        "cca2": "CA",
        "cf_lb_region": "ENAM",
        "city": "Ottawa",
        "country": "Canada",
        "iata": "YOW",
        "lat": 45.3225,
        "lon": -75.6692,
        "name": "Ottawa, Canada",
        "region": "North America"
    },
    "YUL": {
        "cca2": "CA",
        "cf_lb_region": "ENAM",
        "city": "Montreal, QC",
        "country": "Canada",
        "iata": "YUL",
        "lat": 45.4657,
        "lon": -73.7455,
        "name": "Montreal, QC, Canada",
        "region": "North America"
    },
    "YVR": {
        "cca2": "CA",
        "cf_lb_region": "WNAM",
        "city": "Vancouver, BC",
        "country": "Canada",
        "iata": "YVR",
        "lat": 49.1939,
        "lon": -123.184,
        "name": "Vancouver, BC, Canada",
        "region": "North America"
    },
    "YWG": {
        "cca2": "CA",
        "cf_lb_region": "ENAM",
        "city": "Winnipeg, MB",
        "country": "Canada",
        "iata": "YWG",
        "lat": 49.91,
        "lon": -97.2399,
        "name": "Winnipeg, MB, Canada",
        "region": "North America"
    },
    "YXE": {
        "cca2": "CA",
        "cf_lb_region": "ENAM",
        "city": "Saskatoon, SK",
        "country": "Canada",
        "iata": "YXE",
        "lat": 52.1708,
        "lon": -106.7,
        "name": "Saskatoon, SK, Canada",
        "region": "North America"
    },
    "YYC": {
        "cca2": "CA",
        "cf_lb_region": "WNAM",
        "city": "Calgary, AB",
        "country": "Canada",
        "iata": "YYC",
        "lat": 51.1139,
        "lon": -114.02,
        "name": "Calgary, AB, Canada",
        "region": "North America"
    },
    "YYZ": {
        "cca2": "CA",
        "cf_lb_region": "ENAM",
        "city": "Toronto, ON",
        "country": "Canada",
        "iata": "YYZ",
        "lat": 43.6797,
        "lon": -79.6227,
        "name": "Toronto, ON, Canada",
        "region": "North America"
    },
    "ZAG": {
        "cca2": "HR",
        "cf_lb_region": "EEU",
        "city": "Zagreb",
        "country": "Croatia",
        "iata": "ZAG",
        "lat": 45.7429,
        "lon": 16.0688,
        "name": "Zagreb, Croatia",
        "region": "Europe"
    },
    "ZDM": {
        "cca2": "PS",
        "cf_lb_region": "ME",
        "city": "Ramallah",
        "country": "Palestine",
        "iata": "ZDM",
        "lat": 32.27,
        "lon": 35.0191667,
        "name": "Ramallah",
        "region": "Middle East"
    },
    "ZRH": {
        "cca2": "CH",
        "cf_lb_region": "WEU",
        "city": "Zurich",
        "country": "Switzerland",
        "iata": "ZRH",
        "lat": 47.4647,
        "lon": 8.54917,
        "name": "Zurich, Switzerland",
        "region": "Europe"
    }
}