[
    {
        "cca2": "US",
        "cf_lb_region": "WNAM",
        "city": "Albuquerque, NM",
        "country": "United States",
        "iata": "ABQ",
        "lat": 35.0402,
        "lon": -106.609,
        "name": "Albuquerque, NM, United States",
        "region": "North America"
    },
    {
        "cca2": "US",
        "cf_lb_region": "WNAM",
        "city": "Anchorage, AK",
        "country": "United States",
        "iata": "ANC",
        "lat": 61.1744,
        "lon": -149.996,
        "name": "Anchorage, AK, United States",
        "region": "North America"
    },
    {
        "cca2": "US",
        "cf_lb_region": "ENAM",
        "city": "Ashburn, VA",
        "country": "United States",
        "iata": "IAD",
        "lat": 38.9445,
        "lon": -77.4558,
        "name": "Ashburn, VA, United States",
        "region": "North America"
    },
    {
        "cca2": "US",
        "cf_lb_region": "ENAM",
        "city": "Atlanta, GA",
        "country": "United States",
        "iata": "ATL",
        "lat": 33.6367,
        "lon": -84.4281,
        "name": "Atlanta, GA, United States",
        "region": "North America"
    },
    {
        "cca2": "US",
        "cf_lb_region": "WNAM",
        "city": "Austin, TX",
        "country": "United States",
        "iata": "AUS",
        "lat": 30.1945,
        "lon": -97.6699,
        "name": "Austin, TX, United States",
        "region": "North America"
    },
    {
        "cca2": "US",
        "cf_lb_region": "ENAM",
        "city": "Bangor, ME",
        "country": "United States",
        "iata": "BGR",
        "lat": 44.8074,
        "lon": -68.8281,
        "name": "Bangor, ME, United States",
        "region": "North America"
    },
    {
        "cca2": "US",
        "cf_lb_region": "ENAM",
        "city": "Boston, MA",
        "country": "United States",
        "iata": "BOS",
        "lat": 42.3643,
        "lon": -71.0052,
        "name": "Boston, MA, United States",
        "region": "North America"
    },
    {
        "cca2": "US",
        "cf_lb_region": "ENAM",
        "city": "Buffalo, NY",
        "country": "United States",
        "iata": "BUF",
        "lat": 42.9405,
        "lon": -78.7322,
        "name": "Buffalo, NY, United States",
        "region": "North America"
    },
    {
        "cca2": "CA",
        "cf_lb_region": "WNAM",
        "city": "Calgary, AB",
        "country": "Canada",
        "iata": "YYC",
        "lat": 51.1139,
        "lon": -114.02,
        "name": "Calgary, AB, Canada",
        "region": "North America"
    },
    {
        "cca2": "US",
        "cf_lb_region": "ENAM",
        "city": "Charlotte, NC",
        "country": "United States",
        "iata": "CLT",
        "lat": 35.214,
        "lon": -80.9431,
        "name": "Charlotte, NC, United States",
        "region": "North America"
    },
    {
        "cca2": "US",
        "cf_lb_region": "ENAM",
        "city": "Chicago, IL",
        "country": "United States",
        "iata": "ORD",
        "lat": 41.9786,
        "lon": -87.9047,
        "name": "Chicago, IL, United States",
        "region": "North America"
    },
    {
        "cca2": "US",
        "cf_lb_region": "ENAM",
        "city": "Cleveland, OH",
        "country": "United States",
        "iata": "CLE",
        "lat": 41.4117,
        "lon": -81.8498,
        "name": "Cleveland, OH, United States",
        "region": "North America"
    },
    {
        "cca2": "US",
        "cf_lb_region": "ENAM",
        "city": "Columbus, OH",
        "country": "United States",
        "iata": "CMH",
        "lat": 39.998,
        "lon": -82.8919,
        "name": "Columbus, OH, United States",
        "region": "North America"
    },
    {
        "cca2": "US",
        "cf_lb_region": "WNAM",
        "city": "Dallas, TX",
        "country": "United States",
        "iata": "DFW",
        "lat": 32.8968,
        "lon": -97.038,
        "name": "Dallas, TX, United States",
        "region": "North America"
    },
    {
        "cca2": "US",
        "cf_lb_region": "WNAM",
        "city": "Denver, CO",
        "country": "United States",
        "iata": "DEN",
        "lat": 39.8617,
        "lon": -104.673,
        "name": "Denver, CO, United States",
        "region": "North America"
    },
    {
        "cca2": "US",
        "cf_lb_region": "ENAM",
        "city": "Detroit, MI",
        "country": "United States",
        "iata": "DTW",
        "lat": 42.2125,
        "lon": -83.3533,
        "name": "Detroit, MI, United States",
        "region": "North America"
    },
    {
        "cca2": "US",
        "cf_lb_region": "ENAM",
        "city": "Durham, NC",
        "country": "United States",
        "iata": "RDU",
        "lat": 35.8776,
        "lon": -78.7875,
        "name": "Durham, NC, United States",
        "region": "North America"
    },
    {
        "cca2": "MX",
        "cf_lb_region": "WNAM",
        "city": "Guadalajara",
        "country": "Mexico",
        "iata": "GDL",
        "lat": 20.5218,
        "lon": -103.311,
        "name": "Guadalajara, Mexico",
        "region": "North America"
    },
    {
        "cca2": "CA",
        "cf_lb_region": "ENAM",
        "city": "Halifax",
        "country": "Canada",
        "iata": "YHZ",
        "lat": 44.8808,
        "lon": -63.5086,
        "name": "Halifax, Canada",
        "region": "North America"
    },
    {
        "cca2": "US",
        "cf_lb_region": "WNAM",
        "city": "Honolulu, HI",
        "country": "United States",
        "iata": "HNL",
        "lat": 21.3206,
        "lon": -157.924,
        "name": "Honolulu, HI, United States",
        "region": "North America"
    },
    {
        "cca2": "US",
        "cf_lb_region": "WNAM",
        "city": "Houston, TX",
        "country": "United States",
        "iata": "IAH",
        "lat": 29.9844,
        "lon": -95.3414,
        "name": "Houston, TX, United States",
        "region": "North America"
    },
    {
        "cca2": "US",
        "cf_lb_region": "ENAM",
        "city": "Indianapolis, IN",
        "country": "United States",
        "iata": "IND",
        "lat": 39.7173,
        "lon": -86.2944,
        "name": "Indianapolis, IN, United States",
        "region": "North America"
    },
    {
        "cca2": "US",
        "cf_lb_region": "ENAM",
        "city": "Jacksonville, FL",
        "country": "United States",
        "iata": "JAX",
        "lat": 30.4941,
        "lon": -81.6879,
        "name": "Jacksonville, FL, United States",
        "region": "North America"
    },
    {
        "cca2": "US",
        "cf_lb_region": "WNAM",
        "city": "Kansas City, MO",
        "country": "United States",
        "iata": "MCI",
        "lat": 39.2976,
        "lon": -94.7139,
        "name": "Kansas City, MO, United States",
        "region": "North America"
    },
    {
        "cca2": "JM",
        "cf_lb_region": "ENAM",
        "city": "Kingston",
        "country": "Jamaica",
        "iata": "KIN",
        "lat": 17.9357,
        "lon": -76.7875,
        "name": "Kingston, Jamaica",
        "region": "North America"
    },
    {
        "cca2": "US",
        "cf_lb_region": "WNAM",
        "city": "Las Vegas, NV",
        "country": "United States",
        "iata": "LAS",
        "lat": 36.0801,
        "lon": -115.152,
        "name": "Las Vegas, NV, United States",
        "region": "North America"
    },
    {
        "cca2": "US",
        "cf_lb_region": "WNAM",
        "city": "Los Angeles, CA",
        "country": "United States",
        "iata": "LAX",
        "lat": 33.9425,
        "lon": -118.408,
        "name": "Los Angeles, CA, United States",
        "region": "North America"
    },
    {
        "cca2": "US",
        "cf_lb_region": "ENAM",
        "city": "Memphis, TN",
        "country": "United States",
        "iata": "MEM",
        "lat": 35.0424,
        "lon": -89.9767,
        "name": "Memphis, TN, United States",
        "region": "North America"
    },
    {
        "cca2": "MX",
        "cf_lb_region": "WNAM",
        "city": "Mexico City",
        "country": "Mexico",
        "iata": "MEX",
        "lat": 19.4363,
        "lon": -99.0721,
        "name": "Mexico City, Mexico",
        "region": "North America"
    },
    {
        "cca2": "US",
        "cf_lb_region": "ENAM",
        "city": "Miami, FL",
        "country": "United States",
        "iata": "MIA",
        "lat": 25.7932,
        "lon": -80.2906,
        "name": "Miami, FL, United States",
        "region": "North America"
    },
    {
        "cca2": "US",
        "cf_lb_region": "ENAM",
        "city": "Minneapolis, MN",
        "country": "United States",
        "iata": "MSP",
        "lat": 44.882,
        "lon": -93.2218,
        "name": "Minneapolis, MN, United States",
        "region": "North America"
    },
    {
        "cca2": "CA",
        "cf_lb_region": "ENAM",
        "city": "Montreal, QC",
        "country": "Canada",
        "iata": "YUL",
        "lat": 45.4657,
        "lon": -73.7455,
        "name": "Montreal, QC, Canada",
        "region": "North America"
    },
    {
        "cca2": "US",
        "cf_lb_region": "ENAM",
        "city": "Nashville",
        "country": "United States",
        "iata": "BNA",
        "lat": 36.1245,
        "lon": -86.6782,
        "name": "Nashville, United States",
        "region": "North America"
    },
    {
        "cca2": "US",
        "cf_lb_region": "ENAM",
        "city": "Newark, NJ",
        "country": "United States",
        "iata": "EWR",
        "lat": 40.6925,
        "lon": -74.1686,
        "name": "Newark, NJ, United States",
        "region": "North America"
    },
    {
        "cca2": "US",
        "cf_lb_region": "ENAM",
        "city": "Norfolk, VA",
        "country": "United States",
        "iata": "ORF",
        "lat": 36.8946,
        "lon": -76.2012,
        "name": "Norfolk, VA, United States",
        "region": "North America"
    },
    {
        "cca2": "US",
        "cf_lb_region": "WNAM",
        "city": "Oklahoma City, OK",
        "country": "United States",
        "iata": "OKC",
        "lat": 35.3931,
        "lon": -97.6007,
        "name": "Oklahoma City, OK, United States",
        "region": "North America"
    },
    {
        "cca2": "US",
        "cf_lb_region": "WNAM",
        "city": "Omaha, NE",
        "country": "United States",
        "iata": "OMA",
        "lat": 41.3032,
        "lon": -95.8941,
        "name": "Omaha, NE, United States",
        "region": "North America"
    },
    {
        "cca2": "CA",
        "cf_lb_region": "ENAM",
        "city": "Ottawa",
        "country": "Canada",
        "iata": "YOW",
        "lat": 45.3225,
        "lon": -75.6692,
        "name": "Ottawa, Canada",
        "region": "North America"
    },
    {
        "cca2": "US",
        "cf_lb_region": "ENAM",
        "city": "Philadelphia",
        "country": "United States",
        "iata": "PHL",
        "lat": 39.8719,
        "lon": -75.2411,
        "name": "Philadelphia, United States",
        "region": "North America"
    },
    {
        "cca2": "US",
        "cf_lb_region": "WNAM",
        "city": "Phoenix, AZ",
        "country": "United States",
        "iata": "PHX",
        "lat": 33.4343,
        "lon": -112.012,
        "name": "Phoenix, AZ, United States",
        "region": "North America"
    },
    {
        "cca2": "US",
        "cf_lb_region": "ENAM",
        "city": "Pittsburgh, PA",
        "country": "United States",
        "iata": "PIT",
        "lat": 40.4915,
        "lon": -80.2329,
        "name": "Pittsburgh, PA, United States",
        "region": "North America"
    },
    {
        "cca2": "US",
        "cf_lb_region": "WNAM",
        "city": "Portland, OR",
        "country": "United States",
        "iata": "PDX",
        "lat": 45.5887,
        "lon": -122.598,
        "name": "Portland, OR, United States",
        "region": "North America"
    },
    {
        "cca2": "MX",
        "cf_lb_region": "WNAM",
        "city": "Queretaro, MX",
        "country": "Mexico",
        "iata": "QRO",
        "lat": 20.6173,
        "lon": -100.186,
        "name": "Queretaro, MX, Mexico",
        "region": "North America"
    },
    {
        "cca2": "US",
        "cf_lb_region": "ENAM",
        "city": "Richmond, VA",
        "country": "United States",
        "iata": "RIC",
        "lat": 37.5052,
        "lon": -77.3197,
        "name": "Richmond, VA, United States",
        "region": "North America"
    },
    {
        "cca2": "US",
        "cf_lb_region": "WNAM",
        "city": "Sacramento, CA",
        "country": "United States",
        "iata": "SMF",
        "lat": 38.6954,
        "lon": -121.591,
        "name": "Sacramento, CA, United States",
        "region": "North America"
    },
    {
        "cca2": "US",
        "cf_lb_region": "WNAM",
        "city": "Salt Lake City, UT",
        "country": "United States",
        "iata": "SLC",
        "lat": 40.7884,
        "lon": -111.978,
        "name": "Salt Lake City, UT, United States",
        "region": "North America"
    },
    {
        "cca2": "US",
        "cf_lb_region": "WNAM",
        "city": "San Antonio, TX",
        "country": "United States",
        "iata": "SAT",
        "lat": 29.5337,
        "lon": -98.4698,
        "name": "San Antonio, TX, United States",
        "region": "North America"
    },
    {
        "cca2": "US",
        "cf_lb_region": "WNAM",
        "city": "San Diego, CA",
        "country": "United States",
        "iata": "SAN",
        "lat": 32.7336,
        "lon": -117.19,
        "name": "San Diego, CA, United States",
        "region": "North America"
    },
    {
        "cca2": "US",
        "cf_lb_region": "WNAM",
        "city": "San Francisco, CA",
        "country": "United States",
        "iata": "SFO",
        "lat": 37.619,
        "lon": -122.375,
        "name": "San Francisco, CA, United States",
        "region": "North America"
    },
    {
        "cca2": "US",
        "cf_lb_region": "WNAM",
        "city": "San Jose, CA",
        "country": "United States",
        "iata": "SJC",
        "lat": 37.3626,
        "lon": -121.929,
        "name": "San Jose, CA, United States",
        "region": "North America"
    },
    {
        "cca2": "CA",
        "cf_lb_region": "ENAM",
        "city": "Saskatoon, SK",
        "country": "Canada",
        "iata": "YXE",
        "lat": 52.1708,
        "lon": -106.7,
        "name": "Saskatoon, SK, Canada",
        "region": "North America"
    },
    {
        "cca2": "US",
        "cf_lb_region": "WNAM",
        "city": "Seattle, WA",
        "country": "United States",
        "iata": "SEA",
        "lat": 47.449,
        "lon": -122.309,
        "name": "Seattle, WA, United States",
        "region": "North America"
    },
    {
        "cca2": "US",
        "cf_lb_region": "ENAM",
        "city": "Sioux Falls, SD",
        "country": "United States",
        "iata": "FSD",
        "lat": 43.582,
        "lon": -96.7419,
        "name": "Sioux Falls, SD, United States",
        "region": "North America"
    },
    {
        "cca2": "US",
        "cf_lb_region": "ENAM",
        "city": "St. Louis, MO",
        "country": "United States",
        "iata": "STL",
        "lat": 38.7487,
        "lon": -90.37,
        "name": "St. Louis, MO, United States",
        "region": "North America"
    },
    {
        "cca2": "US",
        "cf_lb_region": "ENAM",
        "city": "Tallahassee, FL",
        "country": "United States",
        "iata": "TLH",
        "lat": 30.3965,
        "lon": -84.3503,
        "name": "Tallahassee, FL, United States",
        "region": "North America"
    },
    {
        "cca2": "US",
        "cf_lb_region": "ENAM",
        "city": "Tampa, FL",
        "country": "United States",
        "iata": "TPA",
        "lat": 27.9755,
        "lon": -82.5332,
        "name": "Tampa, FL, United States",
        "region": "North America"
    },
    {
        "cca2": "CA",
        "cf_lb_region": "ENAM",
        "city": "Toronto, ON",
        "country": "Canada",
        "iata": "YYZ",
        "lat": 43.6797,
        "lon": -79.6227,
        "name": "Toronto, ON, Canada",
        "region": "North America"
    },
    {
        "cca2": "CA",
        "cf_lb_region": "WNAM",
        "city": "Vancouver, BC",
        "country": "Canada",
        "iata": "YVR",
        "lat": 49.1939,
        "lon": -123.184,
        "name": "Vancouver, BC, Canada",
        "region": "North America"
    },
    {
        "cca2": "CA",
        "cf_lb_region": "ENAM",
        "city": "Winnipeg, MB",
        "country": "Canada",
        "iata": "YWG",
        "lat": 49.91,
        "lon": -97.2399,
        "name": "Winnipeg, MB, Canada",
        "region": "North America"
    }
]