[
    {
        "cca2": "BR",
        "cf_lb_region": "SSAM",
        "city": "Americana",
        "country": "Brazil",
        "iata": "QWJ",
        "lat": -22.738,
        "lon": -47.334,
        "name": "Americana, Brazil",
        "region": "South America"
    },
    {
        "cca2": "CL",
        "cf_lb_region": "SSAM",
        "city": "Arica",
        "country": "Chile",
        "iata": "ARI",
        "lat": -18.348611,
        "lon": -70.338889,
        "name": "Arica, Chile",
        "region": "South America"
    },
    {
        "cca2": "PY",
        "cf_lb_region": "SSAM",
        "city": "Asuncion",
        "country": "Paraguay",
        "iata": "ASU",
        "lat": -25.2399997711,
        "lon": -57.5200004578,
        "name": "Asuncion, Paraguay",
        "region": "South America"
    },
    {
        "cca2": "BR",
        "cf_lb_region": "NSAM",
        "city": "Belem",
        "country": "Brazil",
        "iata": "BEL",
        "lat": -1.4563,
        "lon": -48.5013,
        "name": "Belem, Brazil",
        "region": "South America"
    },
    {
        "cca2": "BR",
        "cf_lb_region": "SSAM",
        "city": "Belo Horizonte",
        "country": "Brazil",
        "iata": "CNF",
        "lat": -19.624444,
        "lon": -43.971944,
        "name": "Belo Horizonte, Brazil",
        "region": "South America"
    },
    {
        "cca2": "BR",
        "cf_lb_region": "SSAM",
        "city": "Blumenau",
        "country": "Brazil",
        "iata": "BNU",
        "lat": -26.89245,
        "lon": -49.07696,
        "name": "Blumenau, Brazil",
        "region": "South America"
    },
    {
        "cca2": "CO",
        "cf_lb_region": "NSAM",
        "city": "Bogota",
        "country": "Colombia",
        "iata": "BOG",
        "lat": 4.70159,
        "lon": -74.1469,
        "name": "Bogota, Colombia",
        "region": "South America"
    },
    {
        "cca2": "BR",
        "cf_lb_region": "SSAM",
        "city": "Brasilia",
        "country": "Brazil",
        "iata": "BSB",
        "lat": -15.79824,
        "lon": -47.90859,
        "name": "Brasilia, Brazil",
        "region": "South America"
    },
    {
        "cca2": "AR",
        "cf_lb_region": "SSAM",
        "city": "Buenos Aires",
        "country": "Argentina",
        "iata": "EZE",
        "lat": -34.8222,
        "lon": -58.5358,
        "name": "Buenos Aires, Argentina",
        "region": "South America"
    },
    {
        "cca2": "BR",
        "cf_lb_region": "SSAM",
        "city": "Cacador",
        "country": "Brazil",
        "iata": "CFC",
        "lat": -26.7762,
        "lon": -51.0125,
        "name": "Cacador, Brazil",
        "region": "South America"
    },
    {
        "cca2": "BR",
        "cf_lb_region": "SSAM",
        "city": "Campinas",
        "country": "Brazil",
        "iata": "VCP",
        "lat": -22.90662,
        "lon": -47.08576,
        "name": "Campinas, Brazil",
        "region": "South America"
    },
    {
        "cca2": "AR",
        "cf_lb_region": "SSAM",
        "city": "Cordoba",
        "country": "Argentina",
        "iata": "COR",
        "lat": -31.31,
        "lon": -64.208333,
        "name": "Cordoba, Argentina",
        "region": "South America"
    },
    {
        "cca2": "BR",
        "cf_lb_region": "SSAM",
        "city": "Curitiba",
        "country": "Brazil",
        "iata": "CWB",
        "lat": -25.5284996033,
        "lon": -49.1758003235,
        "name": "Curitiba, Brazil",
        "region": "South America"
    },
    {
        "cca2": "BR",
        "cf_lb_region": "SSAM",
        "city": "Florianopolis",
        "country": "Brazil",
        "iata": "FLN",
        "lat": -27.6702785492,
        "lon": -48.5525016785,
        "name": "Florianopolis, Brazil",
        "region": "South America"
    },
    {
        "cca2": "BR",
        "cf_lb_region": "NSAM",
        "city": "Fortaleza",
        "country": "Brazil",
        "iata": "FOR",
        "lat": -3.7762799263,
        "lon": -38.5326004028,
        "name": "Fortaleza, Brazil",
        "region": "South America"
    },
    {
        "cca2": "GY",
        "cf_lb_region": "NSAM",
        "city": "Georgetown",
        "country": "Guyana",
        "iata": "GEO",
        "lat": 6.825648,
        "lon": -58.163756,
        "name": "Georgetown, Guyana",
        "region": "South America"
    },
    {
        "cca2": "BR",
        "cf_lb_region": "SSAM",
        "city": "Goiania",
        "country": "Brazil",
        "iata": "GYN",
        "lat": -16.69727,
        "lon": -49.26851,
        "name": "Goiania, Brazil",
        "region": "South America"
    },
    {
        "cca2": "EC",
        "cf_lb_region": "NSAM",
        "city": "Guayaquil",
        "country": "Ecuador",
        "iata": "GYE",
        "lat": -2.1894,
        "lon": -79.8891,
        "name": "Guayaquil, Ecuador",
        "region": "South America"
    },
    {
        "cca2": "BR",
        "cf_lb_region": "SSAM",
        "city": "Joinville",
        "country": "Brazil",
        "iata": "JOI",
        "lat": -26.304408,
        "lon": -48.846383,
        "name": "Joinville, Brazil",
        "region": "South America"
    },
    {
        "cca2": "BR",
        "cf_lb_region": "NSAM",
        "city": "Juazeiro do Norte",
        "country": "Brazil",
        "iata": "JDO",
        "lat": -7.2242,
        "lon": -39.313,
        "name": "Juazeiro do Norte, Brazil",
        "region": "South America"
    },
    {
        "cca2": "PE",
        "cf_lb_region": "NSAM",
        "city": "Lima",
        "country": "Peru",
        "iata": "LIM",
        "lat": -12.021900177,
        "lon": -77.1143035889,
        "name": "Lima, Peru",
        "region": "South America"
    },
    {
        "cca2": "BR",
        "cf_lb_region": "NSAM",
        "city": "Manaus",
        "country": "Brazil",
        "iata": "MAO",
        "lat": -3.11286,
        "lon": -60.01949,
        "name": "Manaus, Brazil",
        "region": "South America"
    },
    {
        "cca2": "CO",
        "cf_lb_region": "NSAM",
        "city": "Medellin",
        "country": "Colombia",
        "iata": "MDE",
        "lat": 6.16454,
        "lon": -75.4231,
        "name": "Medellin, Colombia",
        "region": "South America"
    },
    {
        "cca2": "AR",
        "cf_lb_region": "SSAM",
        "city": "Neuquen",
        "country": "Argentina",
        "iata": "NQN",
        "lat": -38.9490013123,
        "lon": -68.1557006836,
        "name": "Neuquen, Argentina",
        "region": "South America"
    },
    {
        "cca2": "PA",
        "cf_lb_region": "NSAM",
        "city": "Panama City",
        "country": "Panama",
        "iata": "PTY",
        "lat": 9.0713596344,
        "lon": -79.3834991455,
        "name": "Panama City, Panama",
        "region": "South America"
    },
    {
        "cca2": "SR",
        "cf_lb_region": "NSAM",
        "city": "Paramaribo",
        "country": "Suriname",
        "iata": "PBM",
        "lat": 5.452831,
        "lon": -55.187783,
        "name": "Paramaribo, Suriname",
        "region": "South America"
    },
    {
        "cca2": "BR",
        "cf_lb_region": "SSAM",
        "city": "Porto Alegre",
        "country": "Brazil",
        "iata": "POA",
        "lat": -29.9944000244,
        "lon": -51.1713981628,
        "name": "Porto Alegre, Brazil",
        "region": "South America"
    },
    {
        "cca2": "EC",
        "cf_lb_region": "NSAM",
        "city": "Quito",
        "country": "Ecuador",
        "iata": "UIO",
        "lat": -0.1291666667,
        "lon": -78.3575,
        "name": "Quito, Ecuador",
        "region": "South America"
    },
    {
        "cca2": "BR",
        "cf_lb_region": "NSAM",
        "city": "Recife",
        "country": "Brazil",
        "iata": "REC",
        "lat": -8.1264896393,
        "lon": -34.9235992432,
        "name": "Recife, Brazil",
        "region": "South America"
    },
    {
        "cca2": "BR",
        "cf_lb_region": "SSAM",
        "city": "Ribeirao Preto",
        "country": "Brazil",
        "iata": "RAO",
        "lat": -21.1363887787,
        "lon": -47.7766685486,
        "name": "Ribeirao Preto, Brazil",
        "region": "South America"
    },
    {
        "cca2": "BR",
        "cf_lb_region": "SSAM",
        "city": "Rio de Janeiro",
        "country": "Brazil",
        "iata": "GIG",
        "lat": -22.8099994659,
        "lon": -43.2505569458,
        "name": "Rio de Janeiro, Brazil",
        "region": "South America"
    },
    {
        "cca2": "CR",
        "cf_lb_region": "NSAM",
        "city": "San Jose",
        "country": "Costa Rica",
        "iata": "SJO",
        "lat": 9.9938602448,
        "lon": -84.2088012695,
        "name": "San Jose, Costa Rica",
        "region": "South America"
    },
    {
        "cca2": "CL",
        "cf_lb_region": "SSAM",
        "city": "Santiago",
        "country": "Chile",
        "iata": "SCL",
        "lat": -33.3930015564,
        "lon": -70.7857971191,
        "name": "Santiago, Chile",
        "region": "South America"
    },
    {
        "cca2": "BR",
        "cf_lb_region": "SSAM",
        "city": "Sao Jose do Rio Preto",
        "country": "Brazil",
        "iata": "SJP",
        "lat": -20.807157,
        "lon": -49.378994,
        "name": "Sao Jose do Rio Preto, Brazil",
        "region": "South America"
    },
    {
        "cca2": "BR",
        "cf_lb_region": "SSAM",
        "city": "Sao Jose dos Campos",
        "country": "Brazil",
        "iata": "SJK",
        "lat": -23.1791,
        "lon": -45.8872,
        "name": "Sao Jose dos Campos, Brazil",
        "region": "South America"
    },
    {
        "cca2": "BR",
        "cf_lb_region": "SSAM",
        "city": "Sao Paulo",
        "country": "Brazil",
        "iata": "GRU",
        "lat": -23.4355564117,
        "lon": -46.4730567932,
        "name": "Sao Paulo, Brazil",
        "region": "South America"
    },
    {
        "cca2": "BR",
        "cf_lb_region": "SSAM",
        "city": "Sorocaba",
        "country": "Brazil",
        "iata": "SOD",
        "lat": -23.54389,
        "lon": -46.63445,
        "name": "Sorocaba, Brazil",
        "region": "South America"
    },
    {
        "cca2": "HN",
        "cf_lb_region": "ENAM",
        "city": "Tegucigalpa",
        "country": "Honduras",
        "iata": "TGU",
        "lat": 14.0608,
        "lon": -87.2172,
        "name": "Tegucigalpa, Honduras",
        "region": "South America"
    },
    {
        "cca2": "BR",
        "cf_lb_region": "SSAM",
        "city": "Timbo",
        "country": "Brazil",
        "iata": "NVT",
        "lat": -26.8251,
        "lon": -49.2695,
        "name": "Timbo, Brazil",
        "region": "South America"
    },
    {
        "cca2": "BR",
        "cf_lb_region": "SSAM",
        "city": "Uberlandia",
        "country": "Brazil",
        "iata": "UDI",
        "lat": -18.8836116791,
        "lon": -48.225276947,
        "name": "Uberlandia, Brazil",
        "region": "South America"
    },
    {
        "cca2": "BR",
        "cf_lb_region": "SSAM",
        "city": "Vitoria",
        "country": "Brazil",
        "iata": "VIX",
        "lat": -20.64871,
        "lon": -41.90857,
        "name": "Vitoria, Brazil",
        "region": "South America"
    },
    {
        "cca2": "BR",
        "cf_lb_region": "SSAM",
        "city": "Campos dos Goytacazes",
        "country": "Brazil",
        "iata": "CAW",
        "lat": -21.698299408,
        "lon": -41.301700592,
        "name": "Campos dos Goytacazes, Brazil",
        "region": "South America"
    },
    {
        "cca2": "BR",
        "cf_lb_region": "SSAM",
        "city": "Chapeco",
        "country": "Brazil",
        "iata": "XAP",
        "lat": -27.1341991425,
        "lon": -52.6566009521,
        "name": "Chapeco, Brazil",
        "region": "South America"
    },
    {
        "cca2": "GD",
        "cf_lb_region": "NSAM",
        "city": "St. George's",
        "country": "Grenada",
        "iata": "GND",
        "lat": 12.007116,
        "lon": -61.7882288,
        "name": "St. George's, Grenada",
        "region": "South America"
    },
    {
        "cca2": "BO",
        "cf_lb_region": "SSAM",
        "city": "La Paz",
        "country": "Bolivia",
        "iata": "LPB",
        "lat": -16.4897,
        "lon": -68.1193,
        "name": "La Paz, Bolivia",
        "region": "South America"
    },
    {
        "cca2": "CO",
        "cf_lb_region": "NSAM",
        "city": "Barranquilla",
        "country": "Colombia",
        "iata": "BAQ",
        "lat": 10.8896,
        "lon": -74.7808,
        "name": "Barranquilla, Colombia",
        "region": "South America"
    },
    {
        "cca2": "BR",
        "cf_lb_region": "NSAM",
        "city": "Palmas",
        "country": "Brazil",
        "iata": "PMW",
        "lat": -10.2915000916,
        "lon": -48.3569984436,
        "name": "Palmas, Brazil",
        "region": "South America"
    },
    {
        "cca2": "BR",
        "cf_lb_region": "SSAM",
        "city": "Aracatuba",
        "country": "Brazil",
        "iata": "ARU",
        "lat": -21.1413002014,
        "lon": -50.4247016907,
        "name": "Aracatuba, Brazil",
        "region": "South America"
    },
    {
        "cca2": "TT",
        "cf_lb_region": "NSAM",
        "city": "Port of Spain",
        "country": "Trinidad and Tobago",
        "iata": "POS",
        "lat": 10.5953998566,
        "lon": -61.3372001648,
        "name": "Port of Spain, Trinidad and Tobago",
        "region": "South America"
    },
    {
        "cca2": "BR",
        "cf_lb_region": "NSAM",
        "city": "Salvador",
        "country": "Brazil",
        "iata": "SSA",
        "lat": -12.9086112976,
        "lon": -38.3224983215,
        "name": "Salvador, Brazil",
        "region": "South America"
    },
    {
        "cca2": "BR",
        "cf_lb_region": "SSAM",
        "city": "Cuiaba",
        "country": "Brazil",
        "iata": "CGB",
        "lat": -15.59611,
        "lon": -56.09667,
        "name": "Cuiaba, Brazil",
        "region": "South America"
    },
    {
        "cca2": "CO",
        "cf_lb_region": "NSAM",
        "city": "Cali",
        "country": "Colombia",
        "iata": "CLO",
        "lat": 3.54322,
        "lon": -76.3816,
        "name": "Cali, Colombia",
        "region": "South America"
    },
    {
        "cca2": "HN",
        "cf_lb_region": "ENAM",
        "city": "San Pedro Sula",
        "country": "Honduras",
        "iata": "SAP",
        "lat": 15.4525995255,
        "lon": -87.9235992432,
        "name": "San Pedro Sula, Honduras",
        "region": "South America"
    },
    {
        "cca2": "CL",
        "cf_lb_region": "SSAM",
        "city": "Concepcion",
        "country": "Chile",
        "iata": "CCP",
        "lat": -36.8201,
        "lon": -73.0444,
        "name": "Concepcion, Chile",
        "region": "South America"
    }
]